time|latitude|longitude|depth|mag|magType|nst|gap|dmin|rms|net|id|updated|type|horizontalError|depthError|magError|magNst|status|locationSource|magSource
2022-06-09T11:42:11.249Z|61.7787|-151.4288|82|1.7|ml||||0.74|ak|ak0227cssblw|2022-06-09T11:54:35.287Z|earthquake||0.8|||automatic|ak|ak
2022-06-09T11:40:59.412Z|61.3347|-147.8072|0|1.7|ml||||1.31|ak|ak0227csrzw5|2022-06-09T11:42:58.323Z|earthquake||0.3|||automatic|ak|ak
2022-06-09T11:39:06.417Z|31.73148054|-104.5931025|5.848779297|2.1|ml|12|137|0.07038393165|0.3|tx|tx2022lfkb|2022-06-10T22:21:05.287Z|earthquake|2.777585821|1.626726737|0.2|9|reviewed|tx|tx
2022-06-09T11:36:01.940Z|53.8523333333333|-166.642333333333|8.2|0.04|ml|6|153||0.04|av|av91062358|2022-06-10T16:28:46.950Z|earthquake|0.25|0.51|0.310975874270376|6|reviewed|av|av
2022-06-09T11:34:41.236Z|61.7937|-149.5549|28|1.6|ml||||0.74|ak|ak0227csqo6z|2022-06-09T11:36:53.564Z|earthquake||0.2|||automatic|ak|ak
2022-06-09T11:33:32.258Z|-9.1997|125.1939|10|4.5|mb||43|1.067|0.6|us|us7000hg5q|2022-06-09T11:58:01.040Z|earthquake|6.4|1.9|0.131|20|reviewed|us|us
2022-06-09T11:31:47.384Z|57.7491|-155.1135|15.2|1.1|ml||||0.17|ak|ak0227csq1iq|2022-06-10T16:28:51.563Z|earthquake||2.5|||automatic|ak|ak
2022-06-09T11:25:56.750Z|40.7166667|-112.091|10.78|1.14|ml|23|43|0.03108|0.11|uu|uu60500967|2022-06-09T13:17:46.890Z|earthquake|0.25|0.48|0.16|3|reviewed|uu|uu
2022-06-09T11:18:00.178Z|43.0611|13.9784|10|4.3|mwr||32|0.674|0.63|us|us7000hg5l|2022-06-13T20:03:41.943Z|earthquake|4.1|1.5|0.059|28|reviewed|us|us
2022-06-09T11:13:03.670Z|35.8988333|-117.7385|8.24|0.33|ml|9|94|0.08171|0.06|ci|ci37502429|2022-06-09T15:14:33.506Z|earthquake|0.18|0.54|0.297|6|reviewed|ci|ci
2022-06-09T11:12:48.150Z|35.8991667|-117.74|8.47|0.56|ml|12|61|0.08055|0.05|ci|ci40036991|2022-06-09T15:11:12.759Z|earthquake|0.13|0.38|0.25|4|reviewed|ci|ci
2022-06-09T11:07:08.596Z|62.9381|-149.4023|70.1|1.5|ml||||0.35|ak|ak0227csktcb|2022-06-09T11:08:34.963Z|earthquake||0.8|||automatic|ak|ak
2022-06-09T10:52:44.470Z|19.1783332824707|-155.497161865234|35.1800003051758|1.90999997|md|40|137||0.109999999|hv|hv73038957|2022-06-09T10:55:47.830Z|earthquake|0.6|1.11000001|1.66999996|6|automatic|hv|hv
2022-06-09T10:52:36.200Z|61.6002|-146.4246|15.2|2.1|ml||||0.79|ak|ak0227cs9338|2022-06-09T10:54:46.864Z|earthquake||0.3|||automatic|ak|ak
2022-06-09T10:46:32.630Z|33.6975|-116.7173333|16.41|0.6|ml|31|63|0.01388|0.13|ci|ci40036975|2022-06-09T14:47:52.023Z|earthquake|0.21|0.32|0.124|6|reviewed|ci|ci
2022-06-09T10:38:38.799Z|31.59787229|-104.0096309|7.699755859|2.3|ml|10|74|0.135829057|0.2|tx|tx2022lfib|2022-06-10T21:37:38.232Z|earthquake|1.838367364|2.617136486|0.2|7|reviewed|tx|tx
2022-06-09T10:37:19.440Z|62.2009|-148.9669|34.4|1.8|ml||||0.49|ak|ak0227cs5u20|2022-06-09T10:39:04.843Z|earthquake||0.3|||automatic|ak|ak
2022-06-09T10:30:34.581Z|54.5993|164.8498|10|4.1|mb||154|3.999|0.54|us|us7000hg5g|2022-06-09T11:18:47.040Z|earthquake|15.5|2|0.123|18|reviewed|us|us
2022-06-09T10:26:37.400Z|45.9891667|-111.8473333|18.14|-0.59|md|6|225|0.153|0.11|mb|mb80548354|2022-06-09T19:05:17.350Z|earthquake|1.82|1.19||1|reviewed|mb|mb
2022-06-09T10:25:13.724Z|61.2545|-149.7826|22.8|1.5|ml||||1.07|ak|ak0227cs390s|2022-06-09T10:27:47.481Z|earthquake||0.3|||automatic|ak|ak
2022-06-09T10:19:03.780Z|52.1323333333333|-176.164|11.49|0.56|ml|5|289||0.33|av|av91593901|2022-06-10T16:19:29.580Z|earthquake|2.3|1.89|0.292077009982146|5|reviewed|av|av
2022-06-09T10:17:24.420Z|38.7868347|-122.7770004|2.19|0.36|md|7|125|0.01063|0.02|nc|nc73743256|2022-06-09T11:55:10.601Z|earthquake|0.59|1.41||1|automatic|nc|nc
2022-06-09T10:14:16.187Z|53.7749|-166.4519|29|0.1|ml||||0.68|ak|ak0227cs0wc2|2022-06-10T16:19:35.237Z|earthquake||5.3|||automatic|ak|ak
2022-06-09T10:07:55.370Z|52.1025|-176.1635|10|0.5|ml||||0.19|ak|ak0227crzhch|2022-06-10T16:10:00.921Z|earthquake||1.1|||reviewed|ak|ak
2022-06-09T10:04:34.770Z|46.8815|-112.53|10.29|1.32|ml|21|64|0.055|0.23|mb|mb80548289|2022-06-09T14:57:14.580Z|earthquake|0.51|0.7|0.134|7|reviewed|mb|mb
2022-06-09T09:59:41.755Z|40.0753|-119.7486|15.4|0.1|ml|5|134.94|0.096|0.1219|nn|nn00840668|2022-06-10T02:38:27.495Z|earthquake||2.5|0.46|3|reviewed|nn|nn
2022-06-09T09:51:32.280Z|51.9705|178.304666666667|5.42|0.54|ml|4|347||0.06|av|av91062343|2022-06-10T16:02:23.880Z|earthquake|1.94|4.2|0.345845208849354|4|reviewed|av|av
2022-06-09T09:51:09.111Z|54.364|-158.9578|29.6|2.2|ml||||0.16|ak|ak0227crndof|2022-06-10T16:02:29.713Z|earthquake||27.4|||automatic|ak|ak
2022-06-09T09:50:44.030Z|47.5566667|-114.6506667|5.98|0.01|ml|5|143|0.216|0.12|mb|mb80548309|2022-06-09T16:55:25.120Z|earthquake|0.51|7.19||0|reviewed|mb|mb
2022-06-09T09:48:57.630Z|35.09016667|-95.509|4.92|1.11|ml|24|108|0.1160772217|0.32|ok|ok2022lfgk|2022-06-10T13:54:45.963Z|earthquake||2.4|0.21|7|reviewed|ok|ok
2022-06-09T09:41:17.800Z|33.6711667|-116.769|10.67|0.04|ml|15|126|0.06068|0.08|ci|ci40036967|2022-06-09T18:15:00.322Z|earthquake|0.22|0.37|0.063|5|reviewed|ci|ci
2022-06-09T09:23:12.320Z|38.7811661|-122.7655029|1.79|0.46|md|12|103|0.01043|0.03|nc|nc73743251|2022-06-09T09:50:14.849Z|earthquake|0.29|0.64|0.1|2|automatic|nc|nc
2022-06-09T09:23:01.600Z|38.7804985|-122.7656631|1.72|0.55|md|17|86|0.02063|0.03|nc|nc73743246|2022-06-09T09:39:16.781Z|earthquake|0.28|0.5|0.4|4|automatic|nc|nc
2022-06-09T09:11:11.301Z|14.5268|-93.8735|10|4.1|mb||172|2.418|1.06|us|us7000hg55|2022-06-10T03:04:42.865Z|earthquake|7.9|1.9|0.105|25|reviewed|us|us
2022-06-09T09:07:05.840Z|33.9861667|-116.7805|16.27|1.95|ml|69|26|0.05386|0.21|ci|ci40036959|2022-06-09T13:24:11.250Z|earthquake|0.21|0.57|0.164|25|reviewed|ci|ci
2022-06-09T08:57:58.740Z|32.4051667|-115.2213333|12.05|2.23|ml|22|77|0.0722|0.32|ci|ci40036951|2022-06-09T18:10:38.920Z|earthquake|0.61|2.5|0.178|23|reviewed|ci|ci
2022-06-09T08:56:35.790Z|19.2066666666667|-155.397|32.27|2.64|md|52|157||0.12|hv|hv73038917|2022-06-09T23:07:26.100Z|earthquake|0.45|0.5|0.0878964164980387|22|reviewed|hv|hv
2022-06-09T08:55:16.780Z|51.8651666666667|-177.857666666667|7.34|-0.35|ml|4|218||0.04|av|av91062333|2022-06-10T15:53:25.360Z|earthquake|0.49|0.81|0.163431934970614|4|reviewed|av|av
2022-06-09T08:52:43.420Z|52.0088|178.3748|6.7|0.4|ml||||0.1|ak|ak0227cr2tj2|2022-06-10T15:55:43.179Z|earthquake||2.2|||reviewed|ak|ak
2022-06-09T08:51:50.870Z|38.7791667|-122.7661667|1.83|1.49|md|49|62|0.00844|0.06|nc|nc73743236|2022-06-14T21:58:17.252Z|earthquake|0.15|0.26|0.166|19|reviewed|nc|nc
2022-06-09T08:51:17.460Z|38.7804985|-122.7633362|1.42|0.71|md|14|69|0.009943|0.03|nc|nc73743231|2022-06-09T09:08:15.604Z|earthquake|0.29|0.53|0.14|4|automatic|nc|nc
2022-06-09T08:45:22.210Z|33.483|-116.4171667|14.55|0.74|ml|37|84|0.04092|0.15|ci|ci40036943|2022-06-09T17:57:25.499Z|earthquake|0.22|0.35|0.108|19|reviewed|ci|ci
2022-06-09T08:42:33.320Z|35.4958333|-118.4028333|6.89|0.89|ml|9|119|0.2032|0.22|ci|ci40036935|2022-06-09T13:25:41.201Z|earthquake|0.58|2.58|0.133|7|reviewed|ci|ci
2022-06-09T08:32:44.617Z|-24.0355|-69.6837|67.34|4.8|mb||91|0.881|1.27|us|us7000hg4s|2022-06-09T08:53:59.040Z|earthquake|5.1|6.1|0.033|290|reviewed|us|us
2022-06-09T08:31:24.370Z|46.778666666666666|-121.9315|5.86|0.4|ml|11|185|0.03983|0.08|uw|uw61840852|2022-06-09T18:34:16.550Z|earthquake|0.51|0.68|0.11739245039175616|4|reviewed|uw|uw
2022-06-09T08:19:10.275Z|62.3571|-149.0569|14.6|1.1|ml||||0.52|ak|ak0227cqv38z|2022-06-09T08:20:51.074Z|earthquake||0.3|||automatic|ak|ak
2022-06-09T08:02:56.976Z|64.821|-147.22|15.6|1.7|ml||||0.56|ak|ak0227cqrjoh|2022-06-09T08:04:32.294Z|earthquake||0.2|||automatic|ak|ak
2022-06-09T07:57:42.920Z|34.332|-116.6546667|1.21|2.19|ml|65|37|0.04872|0.12|ci|ci40036919|2022-06-09T17:47:29.030Z|earthquake|0.12|0.35|0.122|25|reviewed|ci|ci
2022-06-09T07:54:53.100Z|38.7983322|-122.7508316|1.46|0.47|md|8|130|0.007307|0.01|nc|nc73743216|2022-06-09T08:34:15.503Z|earthquake|0.47|0.87|0.09|2|automatic|nc|nc
2022-06-09T07:52:51.197Z|54.2033|-174.0668|138.7|2.1|ml||||0.62|ak|ak0227cqgypl|2022-06-09T13:35:50.084Z|earthquake||62|||reviewed|ak|ak
2022-06-09T07:52:09.180Z|19.2003326416016|-155.423492431641|34.2799987792969|1.94000006|md|37|154||0.129999995|hv|hv73038887|2022-06-09T07:55:10.840Z|earthquake|0.53|0.479999989|1.99000001|4|automatic|hv|hv
2022-06-09T07:50:10.895Z|38.183|-117.8725|7.4|1.5|ml|17|143.27|0.081|0.1402|nn|nn00840639|2022-06-09T17:23:52.822Z|earthquake||1.3|1.4|5|reviewed|nn|nn
2022-06-09T07:49:53.571Z|60.6819|-151.7584|74.1|1.6|ml||||0.7|ak|ak0227cqg6gt|2022-06-09T07:52:15.706Z|earthquake||0.6|||automatic|ak|ak
2022-06-09T07:43:35.890Z|37.5766667|-118.8576667|5.59|0.65|md|17|174|0.02632|0.02|nc|nc73743211|2022-06-09T16:36:11.516Z|earthquake|0.41|0.78|0.215|15|reviewed|nc|nc
2022-06-09T07:34:17.520Z|35.5115|-118.3875|4.31|3.21|ml|63|26|0.1666|0.15|ci|ci40036911|2022-06-10T09:37:16.158Z|earthquake|0.12|0.54|0.156|158|reviewed|ci|ci
2022-06-09T07:31:47.308Z|63.3016|-151.3025|4.7|2.3|ml||||0.69|ak|ak0227cqcb3e|2022-06-09T07:34:17.929Z|earthquake||0.2|||automatic|ak|ak
2022-06-09T07:29:19.950Z|39.3506|-118.2143|0|0.1|ml|4|174.16|0.084|0.0951|nn|nn00840666|2022-06-10T02:38:24.558Z|earthquake||0|0|1|reviewed|nn|nn
2022-06-09T07:22:47.729Z|39.4036|-120.1691|9.2|-0.3|ml|5|151.96|0.128|0.0374|nn|nn00840665|2022-06-10T02:38:22.930Z|earthquake||4.8|0.26|3|reviewed|nn|nn
2022-06-09T07:21:14.946Z|38.2003|-117.7696|5.8|1|ml|16|158.41|0.133|0.1258|nn|nn00840634|2022-06-09T17:58:00.206Z|earthquake||2.2|0.58|3|reviewed|nn|nn
2022-06-09T07:12:32.720Z|38.8088341|-122.7711639|1.63|0.35|md|6|219|0.01888|0.01|nc|nc73743196|2022-06-09T07:21:10.975Z|earthquake|1.02|1.77||1|automatic|nc|nc
2022-06-09T07:05:17.260Z|53.8533333333333|-166.643333333333|7.86|-0.27|ml|6|152||0.12|av|av91062323|2022-06-10T15:44:17.710Z|earthquake|0.43|0.87|0.314140919933196|6|reviewed|av|av
2022-06-09T07:04:56.770Z|17.9773333333333|-66.9771666666667|11.47|1.98|md|3|173||0.02|pr|pr71353138|2022-06-09T07:19:38.260Z|earthquake|2.15|0.81|0.0410900281161934|3|reviewed|pr|pr
2022-06-09T07:04:52.760Z|53.855|-166.6437|8.3|-0.3|ml||||0.09|ak|ak0227cq6j6k|2022-06-10T15:44:24.738Z|earthquake||0.7|||reviewed|ak|ak
2022-06-09T06:59:07.040Z|19.1938323974609|-155.428497314453|32.6800003051758|2.21|ml|41|148||0.109999999|hv|hv73038852|2022-06-09T07:04:37.080Z|earthquake|0.47|0.670000017|3.91|5|automatic|hv|hv
2022-06-09T06:58:39.540Z|38.791832|-122.7754974|-0.3|1.05|md|19|78|0.009799|0.05|nc|nc73743191|2022-06-09T07:30:15.028Z|earthquake|0.2|0.54|0.18|4|automatic|nc|nc
2022-06-09T06:56:20.211Z|43.1401|-126.6248|10|2.8|ml||286|1.906|0.58|us|us7000hg4d|2022-06-09T07:15:41.040Z|earthquake|5.5|2|0.038|90|reviewed|us|us
2022-06-09T06:56:11.121Z|62.9814|-148.0695|65.5|1.6|ml||||0.5|ak|ak0227cpw5lk|2022-06-09T06:58:15.077Z|earthquake||0.4|||automatic|ak|ak
2022-06-09T06:44:26.350Z|18.7336666666667|-66.4795|11.19|2.8|md|16|220||0.43|pr|pr71353133|2022-06-09T07:04:18.260Z|earthquake|1.32|1.51|0.0954297625507712|9|reviewed|pr|pr
2022-06-09T06:41:34.220Z|38.8243332|-122.8040009|2.7|1.13|md|22|39|0.004835|0.02|nc|nc73743181|2022-06-09T09:08:14.603Z|earthquake|0.22|0.57|0.04|4|automatic|nc|nc
2022-06-09T06:29:30.240Z|36.8468333|-121.3061667|8.79|1.02|md|15|159|0.05576|0.09|nc|nc73743171|2022-06-14T18:58:18.230Z|earthquake|0.41|1.03|0.106|13|reviewed|nc|nc
2022-06-09T06:23:44.310Z|33.618|-116.7808333|11.62|0.51|ml|15|119|0.02798|0.07|ci|ci40036903|2022-06-09T17:16:14.038Z|earthquake|0.23|0.37|0.262|6|reviewed|ci|ci
2022-06-09T06:19:55.770Z|36.0485|-117.8513333|2.5|0.39|ml|10|128|0.05155|0.08|ci|ci40036895|2022-06-09T15:08:54.267Z|earthquake|0.22|0.18|0.206|3|reviewed|ci|ci
2022-06-09T06:16:30.010Z|19.3901666666667|-155.237833333333|42.89|2.04|ml|38|59||0.13|hv|hv73038812|2022-06-12T14:33:32.766Z|earthquake|0.65|0.53|0.138883462027064|11|reviewed|hv|hv
2022-06-09T06:08:56.890Z|37.2628333|-121.6396667|5.88|1.54|md|36|63|0.02696|0.06|nc|nc73743166|2022-06-14T21:03:19.933Z|earthquake|0.14|0.29|0.231|35|reviewed|nc|nc
2022-06-09T05:50:42.000Z|38.8873333|-122.9623333|4.43|1.03|md|33|97|0.04409|0.04|nc|nc73743161|2022-06-11T18:20:11.305Z|earthquake|0.28|0.41|0.143|9|reviewed|nc|nc
2022-06-09T05:39:34.960Z|39.4216667|-110.2758333|-3.41|1.22|ml|6|206|0.03824|0.14|uu|uu60500962|2022-06-09T16:19:05.240Z|earthquake|2.02|3.9|0.183|3|reviewed|uu|uu
2022-06-09T05:32:33.680Z|53.8488333333333|-166.643666666667|8.48|-0.1|ml|5|157||0.07|av|av91062308|2022-06-10T14:54:01.840Z|earthquake|0.36|0.68|0.328846202452033|6|reviewed|av|av
2022-06-09T05:26:30.324Z|63.2184|-147.2981|4.6|1.5|ml||||0.76|ak|ak0227cp4bzs|2022-06-09T05:28:25.538Z|earthquake||0.3|||automatic|ak|ak
2022-06-09T05:24:32.380Z|33.6788333|-116.7196667|15.3|0.44|ml|17|90|0.03257|0.07|ci|ci40036879|2022-06-09T17:08:40.191Z|earthquake|0.22|0.36|0.092|3|reviewed|ci|ci
2022-06-09T05:20:18.792Z|59.6112|-153.3481|108.1|0.6|ml||||0.23|ak|ak0227cp30t3|2022-06-09T05:21:53.178Z|earthquake||0.8|||automatic|ak|ak
2022-06-09T05:13:07.343Z|52.1046|178.2538|21.3|1.4|ml||||0.15|ak|ak0227cp1hwu|2022-06-10T14:51:01.457Z|earthquake||756.7|||automatic|ak|ak
2022-06-09T05:03:38.360Z|38.1808|-117.7713|10.2|0.9|ml|14|153.58|0.115|0.1503|nn|nn00840633|2022-06-09T18:19:42.747Z|earthquake||2.5|0.29|3|reviewed|nn|nn
2022-06-09T04:59:08.110Z|19.1749992370605|-155.469833374023|35.939998626709|1.73000002|md|42|88||0.170000002|hv|hv73038782|2022-06-09T05:02:21.530Z|earthquake|0.61|1.00999999|1.23000002|12|automatic|hv|hv
2022-06-09T04:43:07.781Z|0.93|125.5876|35|4.3|mb||142|1.785|0.81|us|us7000hhbu|2022-06-15T22:10:06.040Z|earthquake|5.7|2|0.177|9|reviewed|us|us
2022-06-09T04:40:26.800Z|19.1989994049072|-155.441329956055|32.810001373291|1.79999995|md|37|152||0.119999997|hv|hv73038767|2022-06-09T04:43:47.400Z|earthquake|0.71|0.810000002|1.79999995|4|automatic|hv|hv
2022-06-09T04:39:10.449Z|53.7967|-166.3636|36.4|0.3|ml||||0.67|ak|ak0227coln5w|2022-06-10T14:27:44.576Z|earthquake||5.1|||automatic|ak|ak
2022-06-09T04:38:31.390Z|19.1113338470459|-155.492004394531|33.8600006103516|1.94000006|md|35|176||0.219999999|hv|hv73038762|2022-06-09T04:41:40.410Z|earthquake|1.28|1.35000002|1.05999994|11|automatic|hv|hv
2022-06-09T04:37:57.550Z|58.2875|-154.972|3.3|-0.24|ml|7|218||0.22|av|av91062278|2022-06-10T14:15:44.280Z|earthquake|1.12|1.04|0.195561389303109|7|reviewed|av|av
2022-06-09T04:35:54.300Z|19.1746673583984|-155.488830566406|30.75|1.83000004|md|37|95||0.119999997|hv|hv73038757|2022-06-09T04:39:01.350Z|earthquake|0.49|0.899999976|1.83000004|4|automatic|hv|hv
2022-06-09T04:31:42.400Z|19.1275005340576|-155.430999755859|32.4599990844727|2|md|36|176||0.129999995|hv|hv73038752|2022-06-09T04:35:05.380Z|earthquake|0.54|0.870000005|0.850000024|12|automatic|hv|hv
2022-06-09T04:21:43.300Z|38.8311653|-122.7798309|1.6|0.85|md|8|89|0.007777|0.02|nc|nc73743156|2022-06-09T04:37:18.052Z|earthquake|0.64|1.2||1|automatic|nc|nc
2022-06-09T04:17:29.450Z|-6.4962|130.3115|98.16|4.7|mb||78|1.772|0.61|us|us7000hg49|2022-06-15T21:34:19.040Z|earthquake|8.1|2.7|0.123|20|reviewed|us|us
2022-06-09T04:13:24.460Z|53.853|-166.6467|8.3|-0.3|ml||||0.09|ak|ak0227cog3mm|2022-06-10T14:22:42.335Z|earthquake||0.8|||reviewed|ak|ak
2022-06-09T04:02:37.950Z|36.2705|-118.0225|-0.23|1.25|ml|22|83|0.1753|0.14|ci|ci40036871|2022-06-09T15:02:03.700Z|earthquake|0.21|0.33|0.151|7|reviewed|ci|ci
2022-06-09T03:56:25.740Z|17.9206666666667|-66.9378333333333|9.49|2.21|md|6|251||0.09|pr|pr71353118|2022-06-09T04:21:02.210Z|earthquake|0.75|1.11|0.116541762366555|5|reviewed|pr|pr
2022-06-09T03:52:23.015Z|31.65105606|-104.2894752|7.776879883|2.2|ml|12|61|0.02936883377|0.2|tx|tx2022leuq|2022-06-09T22:44:29.245Z|earthquake|1.11381357|1.311428642|0.2|13|reviewed|tx|tx
2022-06-09T03:34:06.030Z|33.2955|-116.1183333|1.03|1.36|ml|43|32|0.112|0.21|ci|ci40036863|2022-06-09T19:13:08.110Z|earthquake|0.23|0.57|0.136|23|reviewed|ci|ci
2022-06-09T03:27:08.221Z|52.0672|172.199|10|3.9|mb||161|1.34|0.55|us|us7000hhby|2022-06-15T21:07:46.040Z|earthquake|9.5|2|0.125|17|reviewed|us|us
2022-06-09T03:24:32.995Z|53.8528|-166.6445|16.6|0.2|ml||||0.94|ak|ak0227cnx1k3|2022-06-10T14:04:30.824Z|earthquake||0.3|||automatic|ak|ak
2022-06-09T03:18:25.160Z|38.8363342|-122.7993317|2.15|0.85|md|8|102|0.007319|0|nc|nc73743146|2022-06-09T03:45:15.732Z|earthquake|0.54|1.18||1|automatic|nc|nc
2022-06-09T03:11:15.360Z|53.8531666666667|-166.646333333333|8.01|-0.07|ml|6|152||0.09|av|av91062273|2022-06-10T14:01:29.380Z|earthquake|0.35|0.72|0.296958019782653|6|reviewed|av|av
2022-06-09T03:10:28.630Z|17.9126666666667|-66.8548333333333|15.59|2.3|md|21|194||0.2|pr|pr71353103|2022-06-09T03:25:51.510Z|earthquake|0.5|0.42|0.0433130755960964|9|reviewed|pr|pr
2022-06-09T03:08:47.135Z|53.8253|-166.5619|1.4|0.4|ml||||0.16|ak|ak0227cntn6x|2022-06-11T11:26:26.579Z|earthquake||4.4|||automatic|ak|ak
2022-06-09T03:01:02.039Z|36.7281|105.3663|34.16|4.3|mb||68|1.553|0.45|us|us7000hhbt|2022-06-15T20:48:57.040Z|earthquake|8.6|5.2|0.142|14|reviewed|us|us
2022-06-09T02:57:08.670Z|43.4396667|-110.728|5.53|1.42|ml|12|160|0.028|0.26|mb|mb80548284|2022-06-09T15:49:21.870Z|earthquake|0.7|1.24|0.231|8|reviewed|mb|mb
2022-06-09T02:57:02.238Z|54.4031|-158.1936|17.81|3.1|ml||229|0.918|0.47|us|us7000hg3l|2022-06-09T21:05:33.040Z|earthquake|7.6|9.6|0.071|26|reviewed|us|us
2022-06-09T02:53:27.870Z|33.2413333|-116.6445|11.86|0.57|ml|26|85|0.04213|0.15|ci|ci40036839|2022-06-09T19:04:01.990Z|earthquake|0.24|0.58|0.074|12|reviewed|ci|ci
2022-06-09T02:49:31.996Z|37.598|141.8875|35|4.3|mb||126|3.125|0.88|us|us7000hhbs|2022-06-15T20:30:26.040Z|earthquake|4.2|2|0.188|8|reviewed|us|us
2022-06-09T02:47:33.310Z|36.217|-91.2206667|9.62|1.82|md|6|152|0.1563|0.14|nm|nm60152543|2022-06-09T12:19:03.520Z|earthquake|0.82|1.9|0.116|6|reviewed|nm|nm
2022-06-09T02:40:10.110Z|35.51|-118.3916667|4.96|2.33|ml|51|25|0.1666|0.14|ci|ci40036831|2022-06-09T18:59:56.570Z|earthquake|0.13|0.85|0.165|24|reviewed|ci|ci
2022-06-09T02:35:29.550Z|38.7973333|-122.7503333|1.44|1.66|md|60|48|0.008032|0.05|nc|nc73743131|2022-06-14T06:56:11.817Z|earthquake|0.12|0.21|0.302|29|reviewed|nc|nc
2022-06-09T02:25:51.070Z|38.8291667|-122.8025|1.75|0.24|md|13|45|0.008259|0.01|nc|nc73743126|2022-06-10T22:51:11.198Z|earthquake|0.28|0.87|0.289|2|reviewed|nc|nc
2022-06-09T02:21:39.760Z|36.1025|-117.845|2.44|1.69|ml|28|53|0.01704|0.14|ci|ci40036815|2022-06-09T18:34:43.711Z|earthquake|0.16|0.2|0.165|30|reviewed|ci|ci
2022-06-09T02:17:50.900Z|51.8685|-177.8203|8.1|-0.2|ml||||0.05|ak|ak0227cna5bm|2022-06-10T13:48:52.105Z|earthquake||0.8|||reviewed|ak|ak
2022-06-09T02:06:53.030Z|19.2085|-155.503|35.49|2.7|md|50|66||0.12|hv|hv73038662|2022-06-09T03:48:59.840Z|earthquake|0.43|0.52|0.114314742352768|21|reviewed|hv|hv
2022-06-09T02:04:33.850Z|19.2083339691162|-155.388000488281|31.7900009155273|1.88|md|37|162||0.119999997|hv|hv73038657|2022-06-09T02:07:28.290Z|earthquake|0.6|0.689999998|1.01999998|10|automatic|hv|hv
2022-06-09T02:01:13.660Z|59.9077|-153.1666|114.8|0.6|ml||||0.41|ak|ak0227cn6mzq|2022-06-09T02:04:05.961Z|earthquake||0.4|||automatic|ak|ak
2022-06-09T01:58:57.740Z|60.0421666666667|-153.039|1.49|-0.3|ml|5|197||0.16|av|av91593406|2022-06-11T00:43:44.290Z|earthquake|1.18|0.51|0.295595161865388|5|reviewed|av|av
2022-06-09T01:57:49.165Z|62.2177|-148.8472|25.3|1.6|ml||||0.69|ak|ak0227cmxa7y|2022-06-11T00:43:49.470Z|earthquake||0.2|||automatic|ak|ak
2022-06-09T01:56:04.070Z|17.8955|-66.9611666666667|11.07|2.51|md|16|224||0.14|pr|pr71353083|2022-06-09T02:18:33.890Z|earthquake|0.64|0.45|0.116680360024711|7|reviewed|pr|pr
2022-06-09T01:53:34.628Z|58.3172|-153.4451|74.8|1.7|ml||||0.18|ak|ak0227cmwe8m|2022-06-09T01:56:03.025Z|earthquake||1.4|||automatic|ak|ak
2022-06-09T01:48:07.360Z|36.10733333|-97.83766667|5.67|0.94|ml|56|49|0.112477928|0.36|ok|ok2022leqo|2022-06-10T13:46:03.690Z|earthquake||0.8|0.27|20|reviewed|ok|ok
2022-06-09T01:42:45.560Z|33.7015|-116.767|16.75|2.06|ml|94|16|0.04509|0.17|ci|ci40036799|2022-06-09T16:01:51.090Z|earthquake|0.12|0.24|0.197|91|reviewed|ci|ci
2022-06-09T01:42:06.130Z|38.7971649|-122.7481689|1.73|0.46|md|11|96|0.009659|0.03|nc|nc73743116|2022-06-09T02:31:15.330Z|earthquake|0.34|0.74|0.41|2|automatic|nc|nc
2022-06-09T01:41:30.116Z|38.3961|-118.3629|5.5|0|ml|8|140.38|0.045|0.0957|nn|nn00840661|2022-06-10T02:38:17.834Z|earthquake||2.6|0|1|reviewed|nn|nn
2022-06-09T01:37:30.860Z|39.43|-110.3031667|-1.46|1.42|ml|8|197|0.01798|0.15|uu|uu60500952|2022-06-09T15:54:25.150Z|earthquake|1.52|0.93|0.091|4|reviewed|uu|uu
2022-06-09T01:30:19.655Z|61.2692|-147.4702|21.6|1.5|ml||||0.52|ak|ak0227cmralj|2022-06-09T01:32:24.309Z|earthquake||1.3|||automatic|ak|ak
2022-06-09T01:29:16.990Z|38.7485008|-122.7418365|1.72|0.6|md|8|139|0.004714|0.02|nc|nc73743106|2022-06-09T02:07:17.176Z|earthquake|0.36|0.64|0.28|2|automatic|nc|nc
2022-06-09T01:26:19.280Z|35.8956667|-117.6803333|9.34|0.69|ml|14|82|0.0753|0.08|ci|ci40036791|2022-06-09T14:54:29.074Z|earthquake|0.16|0.39|0.1|2|reviewed|ci|ci
2022-06-09T01:24:28.290Z|61.3603|-150.4168|33.8|1.8|ml||||0.78|ak|ak0227cmq5zh|2022-06-09T01:27:19.650Z|earthquake||0.3|||automatic|ak|ak
2022-06-09T01:18:50.190Z|34.0186667|-116.7051667|10.61|0.54|ml|17|135|0.05148|0.11|ci|ci40036783|2022-06-09T15:33:39.609Z|earthquake|0.28|0.54|0.2|6|reviewed|ci|ci
2022-06-09T01:15:28.996Z|-6.6003|130.1324|102.6|4.2|mb||124|1.795|0.56|us|us7000hhbw|2022-06-15T04:07:52.040Z|earthquake|8.7|15.4|0.263|4|reviewed|us|us
2022-06-09T01:14:15.745Z|32.7206|141.6793|10|4.3|mb||123|1.617|0.84|us|us7000hg3m|2022-06-15T03:41:29.040Z|earthquake|6.8|1.7|0.188|8|reviewed|us|us
2022-06-09T01:11:57.400Z|47.4753333|-115.795|0.02|1.15|md|16|83|0.708|0.23|mb|mb80548304|2022-06-09T16:47:42.260Z|earthquake|0.79|31.61|0.103|6|reviewed|mb|mb
2022-06-09T01:11:28.707Z|19.5395|-62.0726|10|4.4|mwr||56|1.759|0.5|us|us7000hg2e|2022-06-15T03:19:32.220Z|earthquake|6.4|1.8|0.059|28|reviewed|us|us
2022-06-09T01:11:12.475Z|-22.1163|-179.4649|587.15|4.4|mb||101|4.936|0.73|us|us7000hhbr|2022-06-15T03:13:33.040Z|earthquake|12.6|7.1|0.144|14|reviewed|us|us
2022-06-09T01:09:45.174Z|19.5918|-62.1547|10|4.7|mb||37|1.763|0.77|us|us7000hg2d|2022-06-15T03:02:11.040Z|earthquake|4.9|1.7|0.068|66|reviewed|us|us
2022-06-09T01:07:08.740Z|38.7939987|-122.7458344|1.57|0.7|md|11|94|0.0127|0.03|nc|nc73743101|2022-06-09T01:15:10.842Z|earthquake|0.33|0.72|0.16|2|automatic|nc|nc
2022-06-09T01:02:35.770Z|60.0431666666667|-153.117166666667|0.72|-0.39|ml|5|134||0.12|av|av91593346|2022-06-10T13:38:15.720Z|earthquake|0.35|0.44|0.28626427800462|4|reviewed|av|av
2022-06-09T01:01:18.590Z|51.6823|-178.0615|34.2|1.1|ml||||0.57|ak|ak0227cml7rn|2022-06-10T13:38:21.192Z|earthquake||2.6|||reviewed|ak|ak
2022-06-09T00:57:27.052Z|53.8499|-166.649|1.1|0.2|ml||||0.04|ak|ak0227cmbswx|2022-06-10T13:33:52.857Z|earthquake||2.9|||automatic|ak|ak
2022-06-09T00:52:43.230Z|18.9798333333333|-65.1863333333333|20.91|3.14|md|11|299||0.23|pr|pr71353053|2022-06-09T01:20:47.870Z|earthquake|1.24|19.9|0.117315016196777|9|reviewed|pr|pr
2022-06-09T00:48:36.659Z|38.4026|-118.3783|5|1.2|ml|18|64|0.047|0.1065|nn|nn00840630|2022-06-09T17:36:17.791Z|earthquake||1.1|0.2|8|reviewed|nn|nn
2022-06-09T00:43:29.010Z|38.8383331|-122.8221664|1.5|0.72|md|17|83|0.01041|0.03|nc|nc73743086|2022-06-09T00:52:10.702Z|earthquake|0.24|0.43|0.14|2|automatic|nc|nc
2022-06-09T00:39:43.760Z|43.63283333333333|-121.515|-1.74|1.62|ml|7|261|0.1226|0.13|uw|uw61840797|2022-06-09T17:52:05.700Z|explosion|0.61|31.61|0.1581014439776398|8|reviewed|uw|uw
2022-06-09T00:39:39.200Z|38.8353348|-122.8066635|2|0.36|md|8|86|0.01222|0.01|nc|nc73743081|2022-06-09T00:48:10.682Z|earthquake|0.5|1.33||1|automatic|nc|nc
2022-06-09T00:37:23.823Z|63.1674|-151.3455|0|1.4|ml||||0.6|ak|ak0227cm7ice|2022-06-09T00:39:20.212Z|earthquake||0.4|||automatic|ak|ak
2022-06-09T00:35:22.550Z|39.0786667|-123.5213333|0.67|0.84|md|6|99|0.03746|0.04|nc|nc73743076|2022-06-10T21:02:11.565Z|earthquake|0.24|0.48|0.081|6|reviewed|nc|nc
2022-06-09T00:34:18.370Z|53.851|-166.643333333333|8.54|-0.01|ml|6|154||0.06|av|av91062253|2022-06-10T13:31:06.520Z|earthquake|0.3|0.57|0.253491043078958|6|reviewed|av|av
2022-06-09T00:30:45.980Z|61.2171|-139.891|11.4|0|ml||||0.99|ak|ak0227cm621l|2022-06-10T13:31:10.652Z|earthquake||0.3|||automatic|ak|ak
2022-06-09T00:27:33.841Z|40.3363|143.4936|15.5|4.5|mb||154|1.696|0.52|us|us7000hg27|2022-06-19T02:49:18.040Z|earthquake|7.2|6|0.09|36|reviewed|us|us
2022-06-09T00:23:30.980Z|37.2468333|-118.2116667|12.79|2.11|md|26|175|0.05917|0.06|nc|nc73743071|2022-06-10T23:07:11.303Z|earthquake|0.49|0.25|0.292|37|reviewed|nc|nc
2022-06-09T00:22:47.413Z|37.5127|71.6239|107.61|4.2|mb||121|0.92|0.45|us|us7000hg26|2022-06-19T02:38:53.040Z|earthquake|6.2|4.9|0.115|21|reviewed|us|us
2022-06-09T00:22:44.374Z|-15.229|-173.4576|10|4.7|mb||65|2.086|0.71|us|us7000hhbp|2022-06-19T02:32:22.040Z|earthquake|9.2|1.8|0.11|25|reviewed|us|us
2022-06-09T00:18:07.626Z|62.2206|-148.8362|37.4|0.9|ml||||0.25|ak|ak0227cm3ehm|2022-06-09T00:20:04.454Z|earthquake||2.8|||automatic|ak|ak
2022-06-08T23:56:51.730Z|32.8423333|-116.0821667|12.27|1.15|ml|31|56|0.05192|0.2|ci|ci40036767|2022-06-09T15:28:32.588Z|earthquake|0.24|0.56|0.082|13|reviewed|ci|ci
2022-06-08T23:38:28.520Z|40.719|-112.0711667|7.3|0.54|md|8|123|0.02797|0.11|uu|uu60500942|2022-06-09T15:44:37.730Z|earthquake|0.5|1.38|0.197|3|reviewed|uu|uu
2022-06-08T23:30:04.910Z|44.807|-110.5935|3.22|0.94|md|15|147|0.1066|0.15|uu|uu60500937|2022-06-09T13:29:37.290Z|earthquake|0.45|1.01|0.433|10|reviewed|uu|uu
2022-06-08T23:28:00.250Z|33.2388333|-116.1065|7.57|1.69|ml|65|49|0.0976|0.19|ci|ci40036759|2022-06-09T15:17:31.550Z|earthquake|0.15|0.53|0.154|53|reviewed|ci|ci
2022-06-08T23:23:16.765Z|61.8734|-151.065|68.5|1.9|ml||||0.5|ak|ak0227bca470|2022-06-08T23:25:17.672Z|earthquake||0.5|||automatic|ak|ak
2022-06-08T23:20:23.536Z|65.4647|-152.458|14.1|0.7|ml||||0.34|ak|ak0227bc9hkh|2022-06-08T23:22:43.006Z|earthquake||0.5|||automatic|ak|ak
2022-06-08T23:17:08.950Z|35.0331667|-117.6776667|-0.82|1.53|ml|26|65|0.09973|0.17|ci|ci40036751|2022-06-09T15:01:07.105Z|quarry blast|0.41|31.61|0.135|14|reviewed|ci|ci
2022-06-08T23:16:12.412Z|61.8089|-151.7894|103.3|1.7|ml||||0.45|ak|ak0227bc8luh|2022-06-08T23:18:24.899Z|earthquake||0.7|||automatic|ak|ak
2022-06-08T23:15:45.820Z|48.2815|-118.6855|1.76|1.53|ml|9|168|0.4391|0.21|uw|uw61840792|2022-06-09T18:54:35.530Z|earthquake|1.41|17.3|0.1490245895311011|5|reviewed|uw|uw
2022-06-08T23:12:51.902Z|6.8286|-74.1788|92.26|4.6|mb||63|1.432|0.66|us|us7000hg1t|2022-06-19T02:19:44.040Z|earthquake|5.4|7.2|0.06|82|reviewed|us|us
2022-06-08T23:12:17.550Z|38.8018341|-122.8115005|0.95|0.49|md|12|83|0.01406|0.03|nc|nc73743051|2022-06-08T23:21:11.374Z|earthquake|0.26|0.6|0.35|2|automatic|nc|nc
2022-06-08T23:06:46.790Z|38.7973333|-122.7555|1.72|-0.07|md|14|117|0.004651|0.02|nc|nc73743041|2022-06-11T17:17:43.425Z|earthquake|0.27|0.56|0.095|2|reviewed|nc|nc
2022-06-08T23:05:56.575Z|64.9713|-147.5177|0|1.6|ml||||0.71|ak|ak0227bc6cdl|2022-06-08T23:07:58.883Z|earthquake||0.4|||automatic|ak|ak
2022-06-08T23:05:09.674Z|53.6736|-166.1425|9.9|0.8|ml||||0.5|ak|ak0227bc68rb|2022-06-10T07:24:40.019Z|earthquake||14.7|||automatic|ak|ak
2022-06-08T22:48:21.560Z|35.5108333|-118.3873333|5.2|3.55|mw|68|25|0.1673|0.17|ci|ci40036719|2022-06-19T00:57:54.019Z|earthquake|0.13|0.79||4|reviewed|ci|ci
2022-06-08T22:28:41.310Z|19.2005004882812|-155.391494750977|32.4900016784668|1.89999998|md|43|162||0.129999995|hv|hv73038492|2022-06-08T22:32:05.170Z|earthquake|0.56|0.769999981|0.239999995|20|automatic|hv|hv
2022-06-08T22:25:59.760Z|17.9455|-66.9566666666667|16.31|1.92|md|3|218||0.04|pr|pr71353043|2022-06-08T22:33:56.490Z|earthquake|2.47|0.93|0.0681294618740507|3|reviewed|pr|pr
2022-06-08T22:21:41.730Z|19.4411659240723|-155.486663818359|6.94000005722046|1.74000001|md|25|68||0.189999998|hv|hv73038487|2022-06-08T22:24:50.280Z|earthquake|0.48|0.709999979|0.870000005|8|automatic|hv|hv
2022-06-08T22:12:29.903Z|31.11312051|-103.3298721|2.558154297|2.7|ml|13|68|0.03814363095|0.4|tx|tx2022lejk|2022-06-19T00:38:59.040Z|earthquake|2.188413876|1.25082183|0.2|12|reviewed|tx|tx
2022-06-08T22:08:14.460Z|17.9453333333333|-66.745|12.24|2.07|md|8|222||0.18|pr|pr71353038|2022-06-08T22:19:43.500Z|earthquake|0.83|1.23|0.116976048012169|5|reviewed|pr|pr
2022-06-08T22:06:16.380Z|60.0573333333333|-153.067|3.39|-0.52|ml|5|177||0.15|av|av91593111|2022-06-10T07:06:42.970Z|earthquake|0.81|1.13|0.364952277537682|5|reviewed|av|av
2022-06-08T22:05:07.469Z|58.2898|-154.6516|0.8|0.7|ml||||0.88|ak|ak0227bbksze|2022-06-10T07:18:13.850Z|earthquake||1.9|||automatic|ak|ak
2022-06-08T21:59:33.840Z|38.8378334|-122.8103333|1.92|0.89|md|23|62|0.01442|0.02|nc|nc73742351|2022-06-08T22:52:15.146Z|earthquake|0.2|0.4|0.13|5|automatic|nc|nc
2022-06-08T21:44:42.460Z|33.4568333|-116.4121667|13.52|0.72|ml|28|85|0.06735|0.14|ci|ci40036711|2022-06-08T23:38:46.100Z|earthquake|0.24|0.55|0.101|18|reviewed|ci|ci
2022-06-08T21:44:08.420Z|53.8532|-166.6448|8.7|-0.4|ml||||0.06|ak|ak0227bb7qdm|2022-06-10T07:00:30.277Z|earthquake||0.7|||reviewed|ak|ak
2022-06-08T21:39:35.189Z|35.5355|-96.76633333|8.1|0.99|ml|36|47|0.1178768685|0.14|ok|ok2022leij|2022-06-09T14:23:25.658Z|earthquake||1.4|0.23|9|reviewed|ok|ok
2022-06-08T21:37:31.505Z|12.9294|-87.2827|13.91|4.3|mb||133|0.344|0.57|us|us7000hg16|2022-06-19T00:32:58.040Z|earthquake|3.1|5.8|0.122|19|reviewed|us|us
2022-06-08T21:35:40.289Z|52.332|-172.6238|158.6|1.8|ml||||0.51|ak|ak0227bb5ugy|2022-06-09T00:15:56.278Z|earthquake||0.9|||reviewed|ak|ak
2022-06-08T21:29:42.410Z|32.6038333|-117|3.2|1.43|ml|23|207|0.05905|0.18|ci|ci40036703|2022-06-08T23:31:23.762Z|quarry blast|0.95|0.68|0.116|14|reviewed|ci|ci
2022-06-08T21:28:59.640Z|33.4915|-116.7491667|6.13|0.14|ml|9|222|0.06866|0.06|ci|ci40036695|2022-06-08T22:40:33.636Z|earthquake|0.37|0.52|0.05|2|reviewed|ci|ci
2022-06-08T21:22:52.362Z|37.4467|72.1372|210.06|4.1|mb||103|1.285|0.37|us|us7000hg14|2022-06-18T23:54:58.040Z|earthquake|7.9|8.7|0.234|5|reviewed|us|us
2022-06-08T21:13:47.830Z|49.44133333333333|-120.54683333333334|-0.51|2.43|ml|10|228|0.6138|0.52|uw|uw61840762|2022-06-19T02:23:47.881Z|explosion|3.73|31.61|0.3167404706146313|6|reviewed|uw|uw
2022-06-08T21:06:19.042Z|31.68929824|-104.1339051|3.997802734|2.2|ml|7|75|0.06914007432|0.1|tx|tx2022lehg|2022-06-08T22:10:38.702Z|earthquake|1.006393622|2.7377941|0.1|8|reviewed|tx|tx
2022-06-08T21:04:16.747Z|-30.1627|-177.6638|34.09|4.6|mb||178|0.925|1.07|us|us7000hham|2022-06-18T23:47:27.040Z|earthquake|10.6|6.1|0.141|15|reviewed|us|us
2022-06-08T21:03:15.550Z|37.4386667|-118.5793333|10.75|1.5|md|14|109|0.08631|0.04|nc|nc73741836|2022-06-10T23:34:10.471Z|earthquake|0.46|1.37|0.382|15|reviewed|nc|nc
2022-06-08T21:01:39.150Z|38.8128333|-122.7793333|0.85|0.21|md|12|106|0.001138|0.04|nc|nc73741831|2022-06-11T17:20:10.952Z|earthquake|0.25|0.3|0.255|2|reviewed|nc|nc
2022-06-08T20:56:51.566Z|38.0415|141.8596|52.96|4.2|mb||120|2.812|1.04|us|us7000hg19|2022-06-14T19:49:21.040Z|earthquake|8|7.2|0.098|29|reviewed|us|us
2022-06-08T20:56:30.709Z|10.0591|126.7763|10|4.2|mb||129|3.197|0.54|us|us7000hhan|2022-06-14T19:41:15.040Z|earthquake|13.6|1.9|0.216|8|reviewed|us|us
2022-06-08T20:56:27.248Z|53.8429|-166.6459|5.54|1.3|ml||149|0.046|0.59|us|us7000hged|2022-06-14T01:33:51.963Z|earthquake|1.3|6.6|0.128|8|reviewed|us|us
2022-06-08T20:53:55.667Z|36.7665|-116.2673|4.5|-0.4|ml|6|227.31|0.059|0.1284|nn|nn00840632|2022-06-09T04:08:17.870Z|earthquake||3.4|0.79|4|reviewed|nn|nn
2022-06-08T20:53:44.144Z|-30.1999|-177.75|35.34|5.1|mb||62|0.946|0.75|us|us7000hg13|2022-06-14T18:21:21.040Z|earthquake|8.8|3|0.074|59|reviewed|us|us
2022-06-08T20:50:29.440Z|32.9286667|-116.2285|12.68|0.41|ml|12|108|0.06807|0.09|ci|ci37502341|2022-06-08T22:18:59.515Z|earthquake|0.24|0.39|0.202|3|reviewed|ci|ci
2022-06-08T20:50:04.400Z|33.636|-116.6795|13.4|0.34|ml|19|65|0.03316|0.1|ci|ci40036663|2022-06-08T22:07:06.832Z|earthquake|0.21|0.37|0.174|8|reviewed|ci|ci
2022-06-08T20:35:39.880Z|36.2455|-118.3325|4.5|0.86|ml|11|97|0.2813|0.15|ci|ci37502333|2022-06-13T23:47:07.805Z|earthquake|0.34|31.61|0.644|4|reviewed|ci|ci
2022-06-08T20:35:04.040Z|33.4951667|-116.7468333|6.76|-0.11|ml|9|193|0.06681|0.1|ci|ci40036639|2022-06-08T21:51:45.441Z|earthquake|0.38|0.52|0.089|3|reviewed|ci|ci
2022-06-08T20:28:56.290Z|39.417|-110.2675|-3.22|2.16|ml|15|190|0.04518|0.24|uu|uu60500922|2022-06-08T21:03:35.110Z|earthquake|0.98|2.2|0.158|11|reviewed|uu|uu
2022-06-08T20:20:37.229Z|34.39466667|-96.816|0|1.54|ml|17|198|0.3491314885|0.3|ok|ok2022left|2022-06-09T14:32:36.367Z|quarry blast||0.9|0.2|4|reviewed|ok|ok
2022-06-08T20:16:17.842Z|63.145|-149.7057|78.1|1.3|ml||||0.45|ak|ak0227bagbg8|2022-06-08T20:18:21.270Z|earthquake||0.6|||automatic|ak|ak
2022-06-08T20:14:05.860Z|36.5495|-121.0973333|1.65|2.28|md|44|62|0.04204|0.08|nc|nc73741821|2022-06-09T22:23:11.583Z|earthquake|0.15|0.37|0.281|47|reviewed|nc|nc
2022-06-08T20:12:09.482Z|59.4936|-151.8843|65.2|2.2|ml||||0.65|ak|ak0227baffxw|2022-06-08T20:13:28.852Z|earthquake||1.1|||automatic|ak|ak
2022-06-08T20:08:17.530Z|46.19916666666666|-122.19366666666667|3.26|0.11|ml|11|89|0.002046|0.08|uw|uw61840732|2022-06-09T18:05:49.980Z|earthquake|0.46|0.72|0.050365012508043594|5|reviewed|uw|uw
2022-06-08T20:03:11.916Z|62.7085|-151.7859|3.1|2.1|ml||||0.94|ak|ak0227badion|2022-06-08T20:06:04.081Z|earthquake||0.3|||automatic|ak|ak
2022-06-08T20:01:30.699Z|34.39233333|-96.88266667|0|1.41|ml|36|146|0.3383336074|0.3|ok|ok2022lefd|2022-06-09T14:11:30.082Z|quarry blast||0.5|0.23|6|reviewed|ok|ok
2022-06-08T20:00:00.181Z|53.8831|-166.3668|25.6|0|ml||||0.65|ak|ak0227bacumq|2022-06-10T06:56:28.092Z|earthquake||9.8|||automatic|ak|ak
2022-06-08T19:51:53.510Z|33.6818333|-116.7628333|13.95|0.13|ml|12|134|0.05002|0.07|ci|ci40036615|2022-06-08T20:41:13.978Z|earthquake|0.29|0.39|0.098|3|reviewed|ci|ci
2022-06-08T19:48:12.747Z|-7.4535|128.0089|162.92|4.4|mb||80|3.302|0.87|us|us7000hg08|2022-06-14T17:55:59.040Z|earthquake|8.5|7|0.098|30|reviewed|us|us
2022-06-08T19:47:40.630Z|53.8533333333333|-166.641|8.75|0.07|ml|6|153||0.06|av|av91062233|2022-06-10T06:46:08.530Z|earthquake|0.32|0.66|0.293357305184082|6|reviewed|av|av
2022-06-08T19:47:33.614Z|53.8538|-166.6499|1.8|-0.2|ml||||0.15|ak|ak0227ba1k9d|2022-06-10T06:46:14.982Z|earthquake||1.3|||automatic|ak|ak
2022-06-08T19:46:31.018Z|31.62644333|-103.9871708|6.157275391|2.1|ml|11|75|0.1080075549|0.2|tx|tx2022leep|2022-06-20T07:34:36.531Z|earthquake|1.412685965|2.850376836|0.2|13|reviewed|tx|tx
2022-06-08T19:43:32.770Z|18.0126666666667|-66.8513333333333|15.83|2.01|md|7|134||0.12|pr|pr71353028|2022-06-08T19:54:06.050Z|earthquake|0.5|0.93|0.0263389051403555|4|reviewed|pr|pr
2022-06-08T19:41:52.650Z|34.1086667|-117.9291667|6.67|0.98|ml|13|142|0.0279|0.15|ci|ci40036599|2022-06-08T21:42:37.722Z|quarry blast|0.59|0.61|0.024|6|reviewed|ci|ci
2022-06-08T19:37:29.300Z|17.923|-67.4286666666667|37.1|2.78|md|8|272||0.28|pr|pr71353018|2022-06-08T19:51:50.670Z|earthquake|1.6|2.16|0.107555290697106|6|reviewed|pr|pr
2022-06-08T19:30:24.966Z|31.61379489|-103.9900717|9.113696289|3.6|ml|28|60|0.06994144536|0.2|tx|tx2022leec|2022-06-14T21:02:38.166Z|earthquake|0.7222790559|0.8845346402|0.1|13|reviewed|tx|tx
2022-06-08T19:29:58.990Z|38.8251667|-122.7955|2.99|0.42|md|13|63|0.01152|0.01|nc|nc73741806|2022-06-14T06:29:11.665Z|earthquake|0.4|0.98|0.14|3|reviewed|nc|nc
2022-06-08T19:26:51.970Z|36.4641667|-121.003|5.12|1.3|md|21|104|0.04148|0.14|nc|nc73741801|2022-06-11T22:53:11.774Z|earthquake|0.35|1|0.163|15|reviewed|nc|nc
2022-06-08T19:22:26.986Z|36.7715|-116.2717|4.9|0.1|ml|13|95.46|0.057|0.1298|nn|nn00840629|2022-06-09T04:08:17.063Z|earthquake||2.2|0.18|7|reviewed|nn|nn
2022-06-08T19:20:24.770Z|38.7873344|-122.767334|2.15|0.65|md|19|79|0.01455|0.03|nc|nc73741791|2022-06-08T19:38:13.823Z|earthquake|0.27|0.46|0.31|4|automatic|nc|nc
2022-06-08T19:18:09.580Z|37.5108333|-118.8791667|4.82|0.77|md|9|215|0.0885|0.02|nc|nc73741796|2022-06-08T21:05:21.331Z|earthquake|0.92|2.99|0.197|8|reviewed|nc|nc
2022-06-08T19:15:05.148Z|36.7669|-116.2698|4.5|-0.2|ml|15|67.6|0.059|0.1115|nn|nn00840582|2022-06-09T04:07:43.010Z|earthquake||1.8|0.21|7|reviewed|nn|nn
2022-06-08T19:11:24.360Z|35.0491667|-118.3553333|-0.82|0.98|ml|12|127|0.05951|0.19|ci|ci40036575|2022-06-08T20:36:38.320Z|quarry blast|0.86|31.61|0.246|7|reviewed|ci|ci
2022-06-08T19:05:48.350Z|42.186166666666665|-122.61683333333333|-1.01|1.75|ml|5|95|0.05914|0.08|uw|uw61840712|2022-06-09T18:38:28.590Z|explosion|0.45|31.61|0.04245002226507211|2|reviewed|uw|uw
2022-06-08T19:04:23.020Z|45.9993333|-112.4685|-2|1.62|ml|13|104|0.061|0.08|mb|mb80548274|2022-06-08T19:24:14.430Z|quarry blast|0.36|31.61|0.103|10|reviewed|mb|mb
2022-06-08T18:58:39.360Z|18.2801666666667|-66.1976666666667|57.25|2.57|md|9|164||0.26|pr|pr71353008|2022-06-08T21:43:12.978Z|earthquake|1.39|1.33|0.219547355006414|7|reviewed|pr|pr
2022-06-08T18:42:51.868Z|-3.5342|151.1114|10|4.6|mb||70|1.236|0.76|us|us7000hfze|2022-06-14T17:32:06.819Z|earthquake|6.4|1.8|0.094|34|reviewed|us|us
2022-06-08T18:26:56.720Z|36.2675|-120.4846667|3.51|1.28|md|20|155|0.1147|0.1|nc|nc73741781|2022-06-15T02:31:18.852Z|earthquake|0.57|1.37|0.21|12|reviewed|nc|nc
2022-06-08T18:26:10.440Z|38.8318333|-122.7943333|2.11|0.54|md|10|149|0.007268|0.01|nc|nc73741771|2022-06-11T16:46:10.703Z|earthquake|0.52|0.62|0.087|3|reviewed|nc|nc
2022-06-08T18:26:01.484Z|60.0426|-153.0173|117.9|0.9|ml||||0.51|ak|ak0227b9bk56|2022-06-08T18:30:46.592Z|earthquake||0.5|||automatic|ak|ak
2022-06-08T18:20:51.910Z|17.8735|-66.8478333333333|12.51|2.42|md|16|228||0.24|pr|pr71352998|2022-06-08T18:49:44.000Z|earthquake|1.21|0.63|0.206880971287409|8|reviewed|pr|pr
2022-06-08T18:19:30.190Z|19.2281665802002|-155.38166809082|34.6399993896484|1.88|md|26|157||0.170000002|hv|hv73038317|2022-06-08T18:22:42.550Z|earthquake|0.74|1.13|1.39999998|6|automatic|hv|hv
2022-06-08T18:17:18.398Z|36.9746|-116.178|0|-0.4|ml|6|144.94|0.021|0.1325|nn|nn00840628|2022-06-09T04:08:16.192Z|earthquake||0|1.33|3|reviewed|nn|nn
2022-06-08T18:16:51.550Z|35.608|-117.4623333|8.21|0.95|ml|22|80|0.02145|0.11|ci|ci40036543|2022-06-08T21:30:15.286Z|earthquake|0.2|0.33|0.206|5|reviewed|ci|ci
2022-06-08T18:15:03.720Z|37.248|-118.2083333|13.11|2.11|md|10|217|0.06205|0.04|nc|nc73741766|2022-06-08T23:39:17.323Z|earthquake|0.73|0.41|0.291|13|reviewed|nc|nc
2022-06-08T18:06:25.136Z|-17.7096|-178.4492|507.1|4.2|mb||164|3.334|0.55|us|us7000hhak|2022-06-14T17:24:51.040Z|earthquake|16|10.2|0.124|18|reviewed|us|us
2022-06-08T18:05:18.560Z|36.8938333|-121.6198333|-0.12|1.69|md|20|78|0.02422|0.14|nc|nc73741761|2022-06-13T13:18:39.789Z|quarry blast|0.28|31.61|0.431|11|reviewed|nc|nc
2022-06-08T18:00:06.010Z|34.3408333|-116.8901667|-1.54|1.3|ml|18|72|0.05238|0.19|ci|ci40036527|2022-06-08T21:26:39.095Z|quarry blast|0.47|31.61|0.161|9|reviewed|ci|ci
2022-06-08T18:00:00.660Z|37.0028333|-119.8085|-0.63|2.09|md|6|229|0.08129|0.03|nc|nc73741756|2022-06-08T22:39:57.982Z|quarry blast|1.02|31.61|0.246|18|reviewed|nc|nc
2022-06-08T17:56:55.730Z|38.8428345|-122.8406677|1.95|1|md|21|92|0.00586|0.02|nc|nc73741746|2022-06-08T18:07:10.322Z|earthquake|0.22|0.44|0.19|3|automatic|nc|nc
2022-06-08T17:56:20.980Z|37.2455|-118.2158333|12.59|2.14|md|23|186|0.05561|0.04|nc|nc73741751|2022-06-09T22:08:11.491Z|earthquake|0.46|0.51|0.206|30|reviewed|nc|nc
2022-06-08T17:55:17.490Z|60.2381|-151.7084|65.9|1.8|ml||||0.52|ak|ak0227b8wdj9|2022-06-08T17:57:31.997Z|earthquake||0.7|||automatic|ak|ak
2022-06-08T17:49:21.590Z|35.8828333|-117.699|4.34|0.9|ml|20|47|0.09142|0.08|ci|ci40036519|2022-06-08T19:12:48.248Z|earthquake|0.11|0.27|0.05|6|reviewed|ci|ci
2022-06-08T17:46:29.400Z|34.3166667|-116.8445|5.57|1.51|ml|47|49|0.03431|0.13|ci|ci40036511|2022-06-08T21:18:38.630Z|earthquake|0.13|0.32|0.161|19|reviewed|ci|ci
2022-06-08T17:46:11.550Z|34.3218333|-116.8498333|6.74|0.76|ml|18|88|0.03202|0.13|ci|ci40036503|2022-06-08T21:06:28.153Z|earthquake|0.31|0.54|0.112|8|reviewed|ci|ci
2022-06-08T17:42:57.073Z|-2.8109|118.4915|10|4.2|mb||99|2.319|0.77|us|us7000hhaj|2022-06-14T16:32:43.040Z|earthquake|5.2|1.9|0.2|7|reviewed|us|us
2022-06-08T17:42:50.593Z|38.5036|-119.5259|6.5|1|ml|10|195.67|0.069|0.1143|nn|nn00840623|2022-06-09T04:08:15.461Z|earthquake||1.6|0.21|5|reviewed|nn|nn
2022-06-08T17:42:25.300Z|35.90833333|-95.16866667|0|1.52|ml|44|117|0.5057007643|0.38|ok|ok2022lean|2022-06-09T13:57:25.393Z|quarry blast||0.5|0.24|3|reviewed|ok|ok
2022-06-08T17:35:48.837Z|63.6901|-147.0738|1|1.4|ml||||0.35|ak|ak0227b8s5mr|2022-06-08T20:08:35.838Z|ice quake||1.2|||reviewed|ak|ak
2022-06-08T17:35:33.028Z|38.1206|-118.2352|9.2|0.8|ml|10|189.96|0.249|0.0922|nn|nn00840622|2022-06-09T04:08:13.573Z|earthquake||11.9|0.18|4|reviewed|nn|nn
2022-06-08T17:34:55.006Z|61.7553|-148.2358|8|1.8|ml||||0.79|ak|ak0227b8rye4|2022-06-08T17:37:09.349Z|earthquake||0.2|||automatic|ak|ak
2022-06-08T17:33:43.280Z|65.0541|-148.7447|8.5|1.2|ml||||0.6|ak|ak0227b8rprs|2022-06-08T17:35:47.961Z|earthquake||0.3|||automatic|ak|ak
2022-06-08T17:26:54.667Z|38.5731|141.9084|56.72|4.7|mb||117|2.307|1|us|us7000hfyp|2022-06-14T16:26:42.040Z|earthquake|7.5|5.5|0.052|111|reviewed|us|us
2022-06-08T17:24:48.513Z|62.0572|-150.433|33.3|1.5|ml||||0.47|ak|ak0227b8psqb|2022-06-08T17:26:53.874Z|earthquake||0.5|||automatic|ak|ak
2022-06-08T17:22:47.160Z|19.1958333333333|-155.411666666667|33.82|3.21|ml|55|158||0.11|hv|hv73038272|2022-06-14T16:20:02.087Z|earthquake|0.41|0.51|0.196770985664941|35|reviewed|hv|hv
2022-06-08T17:22:23.030Z|38.8450012|-122.8164978|1.03|0.86|md|15|61|0.01103|0.04|nc|nc73741571|2022-06-08T17:32:11.243Z|earthquake|0.22|0.48||1|automatic|nc|nc
2022-06-08T17:17:14.769Z|36.6982|-116.314|9|-0.5|ml|7|217.05|0.057|0.0905|nn|nn00840620|2022-06-09T04:08:12.575Z|earthquake||2.2|0.32|4|reviewed|nn|nn
2022-06-08T17:14:35.240Z|38.8223343|-122.7959976|2.6|0.35|md|11|82|0.01105|0.02|nc|nc73741566|2022-06-08T17:24:10.076Z|earthquake|0.35|1|0.28|2|automatic|nc|nc
2022-06-08T17:10:09.510Z|37.6828333|-112.4423333|2.85|1.51|md|14|99|0.4562|0.26|uu|uu60500897|2022-06-08T17:30:39.790Z|earthquake|0.61|4.01|0.211|4|reviewed|uu|uu
2022-06-08T17:06:40.935Z|16.6125|-93.3131|167.2|4|mb||143|1.175|0.95|us|us7000hhaq|2022-06-14T16:14:24.040Z|earthquake|8.6|5.3|0.133|15|reviewed|us|us
2022-06-08T16:48:34.050Z|35.537|-120.877|2.55|1.93|md|39|81|0.09154|0.07|nc|nc73741546|2022-06-09T00:34:13.611Z|earthquake|0.22|0.93|0.154|26|reviewed|nc|nc
2022-06-08T16:47:53.730Z|37.5433333|-118.7906667|3.58|0.49|md|14|154|0.05573|0.04|nc|nc73741551|2022-06-10T21:08:09.724Z|earthquake|0.92|0.79|0.187|12|reviewed|nc|nc
2022-06-08T16:44:56.520Z|44.7371667|-110.099|2.02|0.86|md|5|110|0.04073|0.32|uu|uu60500892|2022-06-08T17:15:13.260Z|earthquake|1.82|4.62|0.204|4|reviewed|uu|uu
2022-06-08T16:44:19.100Z|32.9325|-116.3275|6.08|1.62|ml|60|41|0.02995|0.17|ci|ci40036479|2022-06-08T20:59:26.260Z|earthquake|0.13|0.38|0.134|24|reviewed|ci|ci
2022-06-08T16:41:18.470Z|46.195166666666665|-122.18683333333334|2.63|0.28|ml|12|83|0.005395|0.06|uw|uw61840657|2022-06-08T19:01:50.820Z|earthquake|0.41|0.66|0.1209462683386966|5|reviewed|uw|uw
2022-06-08T16:37:58.905Z|-48.8558|123.9832|10|4.3|mb||122|18.319|1|us|us7000hhai|2022-06-23T03:13:26.040Z|earthquake|14.9|1.9|0.238|5|reviewed|us|us
2022-06-08T16:36:37.010Z|53.9977|-166.1287|16.6|0|ml||||0.11|ak|ak0227b86wts|2022-06-10T06:34:31.753Z|earthquake||1.4|||reviewed|ak|ak
2022-06-08T16:31:56.520Z|46.851333333333336|-121.75466666666667|2.28|0.47000000000000003|ml|10|104|0.02164|0.07|uw|uw61840647|2022-06-08T19:26:38.090Z|earthquake|0.25|0.6|0.17615285019480625|5|reviewed|uw|uw
2022-06-08T16:27:00.620Z|54.5773|-164.675|23.4|0.1|ml||||0.07|ak|ak0227b84wku|2022-06-10T07:25:50.803Z|earthquake||0.9|||reviewed|ak|ak
2022-06-08T16:25:51.330Z|33.9463333|-116.7546667|13.73|1.53|ml|62|26|0.04068|0.13|ci|ci40036463|2022-06-08T20:30:31.290Z|earthquake|0.11|0.27|0.117|22|reviewed|ci|ci
2022-06-08T16:14:38.527Z|31.59881747|-104.0021051|5.848779297|2|ml|9|78|0.135887253|0.2|tx|tx2022ldxq|2022-06-08T22:21:02.177Z|earthquake|2.232540454|3.600075701|0.2|11|reviewed|tx|tx
2022-06-08T16:11:58.270Z|33.49|-116.753|6.71|0.53|ml|28|33|0.04542|0.12|ci|ci40036455|2022-06-08T20:11:35.228Z|earthquake|0.14|0.33|0.084|12|reviewed|ci|ci
2022-06-08T16:10:27.170Z|35.8325|-95.0555|0|1.87|ml|48|134|0.3356341371|0.41|ok|ok2022ldxm|2022-06-09T13:42:29.441Z|quarry blast||0.5|0.3|8|reviewed|ok|ok
2022-06-08T16:09:11.680Z|33.3011667|-116.1183333|1.14|1.21|ml|31|61|0.1129|0.17|ci|ci40036447|2022-06-08T20:06:09.006Z|earthquake|0.2|0.43|0.086|12|reviewed|ci|ci
2022-06-08T16:05:29.590Z|34.3188333|-116.8415|5.83|1.45|ml|52|49|0.03135|0.14|ci|ci40036431|2022-06-08T19:29:50.680Z|earthquake|0.12|0.32|0.186|23|reviewed|ci|ci
2022-06-08T16:02:52.760Z|38.4398333|-112.469|4.83|0.48|ml|8|160|0.1703|0.06|uu|uu60500887|2022-06-08T16:27:27.570Z|earthquake|0.42|31.61|0.004|2|reviewed|uu|uu
2022-06-08T15:53:46.901Z|59.4954|-152.6073|83.5|1.2|ml||||0.22|ak|ak0227b7p5m5|2022-06-08T16:09:00.689Z|earthquake||0.4|||reviewed|ak|ak
2022-06-08T15:44:20.519Z|61.6392|-149.6924|19.8|2.1|ml||||1.15|ak|ak0227b7n5ox|2022-06-10T06:10:12.367Z|earthquake||0.4|||automatic|ak|ak
2022-06-08T15:43:49.630Z|34.3191667|-116.8425|6.73|1.23|ml|40|59|0.03136|0.13|ci|ci40036407|2022-06-08T23:26:38.160Z|earthquake|0.16|0.42|0.164|22|reviewed|ci|ci
2022-06-08T15:39:55.230Z|52.0916666666667|-176.157333333333|8.14|0.2|ml|5|177||0.26|av|av91592521|2022-06-10T06:10:05.560Z|earthquake|1.07|1.46|0.223093289894057|5|reviewed|av|av
2022-06-08T15:39:38.862Z|-4.3414|-105.233|10|4.4|mb||130|33.516|0.7|us|us7000hhaf|2022-06-23T02:58:58.040Z|earthquake|12.9|1.9|0.067|63|reviewed|us|us
2022-06-08T15:32:44.580Z|36.6801667|-121.1755|9.63|1.18|md|16|120|0.07167|0.08|nc|nc73741526|2022-06-11T00:02:11.647Z|earthquake|0.44|0.81|0.322|14|reviewed|nc|nc
2022-06-08T15:19:53.042Z|40.0712|-119.6926|14|0.1|ml|3|163.71|0.104|0.0119|nn|nn00840619|2022-06-09T04:08:11.744Z|earthquake||8|0.36|2|reviewed|nn|nn
2022-06-08T15:16:34.500Z|38.2523|-118.3547|9.6|0.6|ml|13|146.5|0.118|0.0975|nn|nn00840571|2022-06-09T04:07:30.427Z|earthquake||2.3|0.26|3|reviewed|nn|nn
2022-06-08T15:10:30.822Z|37.4215|-113.77|4.3|0.1|ml|3|166.13|0.08|0.0718|nn|nn00840618|2022-06-09T04:08:11.007Z|earthquake||13.9|0.05|3|reviewed|nn|nn
2022-06-08T15:08:53.260Z|19.2221660614014|-155.386840820312|31.3099994659424|1.86000001|md|38|158||0.129999995|hv|hv73038167|2022-06-08T15:12:00.720Z|earthquake|0.53|1|0.449999988|5|automatic|hv|hv
2022-06-08T15:07:03.060Z|33.9793333|-116.9755|13.83|0.85|ml|27|71|0.07543|0.15|ci|ci40036383|2022-06-08T22:58:21.816Z|earthquake|0.23|0.7|0.095|17|reviewed|ci|ci
2022-06-08T15:02:55.270Z|52.0621666666667|-176.212166666667|14.58|0.27|ml|5|246||0.25|av|av91592466|2022-06-10T05:53:14.550Z|earthquake|1.61|1.38|0.367116488212129|5|reviewed|av|av
2022-06-08T15:01:15.330Z|64.461|-157.7699|5.1|2.5|ml||||0.76|ak|ak0227b7dxm3|2022-06-10T05:53:20.171Z|earthquake||0.3|||automatic|ak|ak
2022-06-08T14:58:53.030Z|19.2318325042725|-155.388671875|31.8500003814697|2.13000011|md|44|146||0.119999997|hv|hv73038162|2022-06-08T15:02:07.710Z|earthquake|0.53|0.889999986|1.13999999|14|automatic|hv|hv
2022-06-08T14:55:45.497Z|38.4557|-117.9054|0|0.6|ml|7|331.89|0.197|0.0598|nn|nn00840617|2022-06-09T04:08:09.585Z|earthquake||0|0|1|reviewed|nn|nn
2022-06-08T14:49:30.599Z|36.4992|-115.2417|9.6|0.6|ml|5|154.16|0.069|0.2185|nn|nn00840616|2022-06-09T04:08:08.758Z|earthquake||6.7|0.29|2|reviewed|nn|nn
2022-06-08T14:48:09.501Z|51.1734|-178.1353|33.04|3.6|mb||214|0.77|0.51|us|us7000hhal|2022-06-15T13:58:09.040Z|earthquake|7.3|10.3|0.091|30|reviewed|us|us
2022-06-08T14:41:32.920Z|33.283|-116.1145|2.76|3.05|ml|73|33|0.1078|0.19|ci|ci40036375|2022-06-10T09:28:19.040Z|earthquake|0.17|0.43|0.126|22|reviewed|ci|ci
2022-06-08T14:40:13.780Z|35.6835|-117.4931667|10.69|0.95|ml|17|85|0.1|0.14|ci|ci40036367|2022-06-08T22:13:03.115Z|earthquake|0.36|0.64|0.201|10|reviewed|ci|ci
2022-06-08T14:40:00.371Z|61.6632|-150.385|50|1.4|ml||||0.91|ak|ak0227b70tnp|2022-06-08T14:41:43.429Z|earthquake||1.6|||automatic|ak|ak
2022-06-08T14:35:57.720Z|38.943|-123.0413333|6.26|1.29|md|31|80|0.1179|0.07|nc|nc73741516|2022-06-09T00:07:17.476Z|earthquake|0.19|0.83|0.12|12|reviewed|nc|nc
2022-06-08T13:50:25.595Z|59.2607|-152.8717|77.9|2.4|ml||||0.27|ak|ak0227b6hl5r|2022-06-10T09:06:40.040Z|earthquake||0.8|||automatic|ak|ak
2022-06-08T13:48:26.629Z|53.8689|-166.3593|24.5|-0.1|ml||||0.67|ak|ak0227b6h5t2|2022-06-10T05:40:19.685Z|earthquake||9.2|||automatic|ak|ak
2022-06-08T13:38:32.750Z|35.5835|-117.4096667|7.61|1.18|ml|26|80|0.04292|0.11|ci|ci40036351|2022-06-08T22:07:57.401Z|earthquake|0.19|0.35|0.163|9|reviewed|ci|ci
2022-06-08T13:35:24.310Z|33.9703333|-116.8726667|19.14|0.65|ml|20|125|0.08418|0.08|ci|ci40036343|2022-06-08T21:58:48.980Z|earthquake|0.24|0.44|0.071|7|reviewed|ci|ci
2022-06-08T13:18:51.051Z|62.2935|-148.8372|29.4|1.2|ml||||0.44|ak|ak0227b6as7l|2022-06-08T13:20:46.846Z|earthquake||0.4|||automatic|ak|ak
2022-06-08T13:12:28.240Z|46.8621667|-112.2796667|1.72|0.69|ml|7|200|0.108|0.07|mb|mb80548269|2022-06-08T19:06:22.080Z|earthquake|0.4|0.94|0.283|5|reviewed|mb|mb
2022-06-08T13:06:26.171Z|39.5069|-119.5898|9.6|0.6|ml|8|114.85|0.227|0.1724|nn|nn00840614|2022-06-09T04:08:06.611Z|earthquake||4.8|0.3|6|reviewed|nn|nn
2022-06-08T13:05:39.700Z|44.378|-115.2183333|9.51|2.42|ml|12|84|0.846|0.26|mb|mb80548259|2022-06-08T19:16:56.640Z|earthquake|0.69|1.34|0.247|20|reviewed|mb|mb
2022-06-08T13:04:55.590Z|38.835|-122.813|2.31|0.57|md|14|56|0.01181|0.02|nc|nc73741506|2022-06-08T21:49:15.610Z|earthquake|0.27|0.74||1|reviewed|nc|nc
2022-06-08T12:59:47.790Z|36.5448333|-121.1366667|8.78|2.68|md|66|62|0.0149|0.09|nc|nc73741501|2022-06-24T04:50:18.040Z|earthquake|0.15|0.3|0.194|61|reviewed|nc|nc
2022-06-08T12:51:35.068Z|60.3304|-152.5044|99|1.9|ml||||0.31|ak|ak0227b5we02|2022-06-08T12:53:36.951Z|earthquake||0.7|||automatic|ak|ak
2022-06-08T12:50:19.189Z|59.7584|-153.2635|125|1.6|ml||||0.29|ak|ak0227b5w526|2022-06-24T04:47:39.040Z|earthquake||0.4|||automatic|ak|ak
2022-06-08T12:48:54.970Z|33.6713333|-116.7163333|14.45|0.64|ml|24|86|0.03977|0.13|ci|ci40036311|2022-06-08T13:02:49.636Z|earthquake|0.26|0.42|0.102|17|reviewed|ci|ci
2022-06-08T12:47:59.296Z|-2.7602|118.5321|10|4.5|mb||101|2.311|0.82|us|us7000hhag|2022-06-24T04:59:32.040Z|earthquake|5.4|1.9|0.121|20|reviewed|us|us
2022-06-08T12:37:55.429Z|53.2849|-165.6328|24.98|2.7|ml||197|0.765|0.31|us|us7000hfw7|2022-06-24T04:45:35.040Z|earthquake|5.7|19.2|0.077|22|reviewed|us|us
2022-06-08T12:35:26.740Z|38.829834|-122.7994995|-0.69|1.17|md|9|112|0.01047|0.27|nc|nc73741496|2022-06-08T14:53:23.177Z|earthquake|0.94|2.92||1|automatic|nc|nc
2022-06-08T12:31:03.120Z|17.931|-66.9388333333333|2.66|2.39|md|4|239||0.09|pr|pr71352953|2022-06-08T13:08:49.050Z|earthquake|1.01|9.95|0.205372213787572|3|reviewed|pr|pr
2022-06-08T12:25:37.260Z|53.8521666666667|-166.640333333333|8.23|-0.12|ml|6|154||0.1|av|av91062198|2022-06-10T05:21:54.840Z|earthquake|0.39|0.75|0.367605254304799|6|reviewed|av|av
2022-06-08T12:25:34.160Z|33.325|-116.8763333|8.83|1.5|ml|68|22|0.03075|0.16|ci|ci40036295|2022-06-08T21:52:49.940Z|earthquake|0.15|0.44|0.174|24|reviewed|ci|ci
2022-06-08T12:24:19.332Z|52.0452|105.68|10|5.2|mww||24|1.314|0.57|us|us7000hfw5|2022-06-24T04:44:28.480Z|earthquake|6.5|1.8|0.093|11|reviewed|us|us
2022-06-08T12:20:42.298Z|51.1528|179.646|27.22|2.9|ml||224|0.312|0.6|us|us7000hgdw|2022-06-24T04:37:45.040Z|earthquake|4.1|12.4|0.085|18|reviewed|us|us
2022-06-08T12:17:09.830Z|38.8346672|-122.8118362|2.09|0.9|md|22|53|0.01134|0.02|nc|nc73741486|2022-06-08T12:34:14.412Z|earthquake|0.2|0.5|0.2|4|automatic|nc|nc
2022-06-08T12:15:16.506Z|38.2404|-118.3295|11.6|0.4|ml|10|151.42|0.138|0.1217|nn|nn00840609|2022-06-09T04:08:05.518Z|earthquake||2.5|0.12|2|reviewed|nn|nn
2022-06-08T12:05:12.264Z|39.471|-120.289|10.2|0.1|ml|5|205.32|0.122|0.0888|nn|nn00840608|2022-06-09T04:08:04.517Z|earthquake||5.3|0.84|4|reviewed|nn|nn
2022-06-08T11:57:44.930Z|18.0233333333333|-66.9348333333333|8.44|1.74|md|3|227||0.06|pr|pr71352943|2022-06-08T12:14:13.970Z|earthquake|2.34|3.7|0.0803141283856141|3|reviewed|pr|pr
2022-06-08T11:53:38.420Z|38.8381653|-122.809166|0.66|0.85|md|9|62|0.0147|0.04|nc|nc73741476|2022-06-08T13:47:23.824Z|earthquake|0.31|1.27||1|automatic|nc|nc
2022-06-08T11:49:44.260Z|33.486|-116.4728333|11.51|0.86|ml|44|66|0.05424|0.14|ci|ci40036287|2022-06-08T21:35:52.273Z|earthquake|0.19|0.36|0.17|23|reviewed|ci|ci
2022-06-08T11:47:42.260Z|19.1528333333333|-155.469333333333|31.55|1.73|md|36|159||0.11|hv|hv73038057|2022-06-08T22:16:53.580Z|earthquake|0.47|0.66|0.127057969093612|16|reviewed|hv|hv
2022-06-08T11:45:50.930Z|35.9188333|-117.7071667|4.28|0.65|ml|20|64|0.08724|0.09|ci|ci40036279|2022-06-08T20:44:19.551Z|earthquake|0.16|0.33|0.18|7|reviewed|ci|ci
2022-06-08T11:37:19.793Z|64.7823|-149.1878|0|1.8|ml||||0.97|ak|ak0227b57x6z|2022-06-08T11:39:58.790Z|earthquake||0.4|||automatic|ak|ak
2022-06-08T11:36:54.346Z|51.687|-178.7199|15|0.9|ml||||0.82|ak|ak0227b57s56|2022-06-10T05:12:41.184Z|earthquake||1.3|||automatic|ak|ak
2022-06-08T11:34:11.448Z|38.3277|-119.4341|12.4|0.3|ml|11|153.23|0.022|0.1695|nn|nn00840607|2022-06-09T04:08:01.938Z|earthquake||2.8|0.55|2|reviewed|nn|nn
2022-06-08T11:30:22.909Z|56.6775|-148.3644|10|2.9|ml||221|2.547|0.53|us|us7000hfw3|2022-06-24T04:19:15.040Z|earthquake|8.7|2|0.052|48|reviewed|us|us
2022-06-08T11:28:20.596Z|12.0448|123.7602|12.3|4.2|mb||127|5.258|0.52|us|us7000hhaa|2022-06-24T04:17:38.040Z|earthquake|11.6|5.9|0.146|13|reviewed|us|us
2022-06-08T11:27:28.422Z|53.633|-166.5125|2.9|0.2|ml||||1.36|ak|ak0227b55sp6|2022-06-10T05:15:24.961Z|earthquake||8.3|||automatic|ak|ak
2022-06-08T11:23:10.310Z|35.9195|-117.7071667|5.15|0.24|ml|13|65|0.08711|0.07|ci|ci40036271|2022-06-08T20:40:27.761Z|earthquake|0.18|0.77|0.061|4|reviewed|ci|ci
2022-06-08T11:23:07.830Z|38.814167|-122.7626648|1.85|1.09|md|20|108|0.01372|0.03|nc|nc73741466|2022-06-08T13:22:16.691Z|earthquake|0.26|0.46|0.16|4|automatic|nc|nc
2022-06-08T11:18:45.609Z|36.4425|-98.793|8.04|1.04|ml|24|100|0.009898057663|0.13|ok|ok2022ldnw|2022-06-09T13:27:43.912Z|earthquake||0.4|0.22|7|reviewed|ok|ok
2022-06-08T11:18:13.620Z|53.8535|-166.645833333333|8.1|-0.04|ml|6|152||0.08|av|av91592261|2022-06-10T05:09:18.230Z|earthquake|0.36|0.67|0.294248583399622|6|reviewed|av|av
2022-06-08T11:17:23.616Z|51.5513|-175.1622|35.7|1.9|ml||||0.49|ak|ak0227b53n5h|2022-06-10T05:09:23.100Z|earthquake||6.1|||automatic|ak|ak
2022-06-08T11:10:46.860Z|35.9218333|-117.7056667|6.05|0.17|ml|13|66|0.08551|0.12|ci|ci40036263|2022-06-08T18:49:37.112Z|earthquake|0.22|0.63|0.112|6|reviewed|ci|ci
2022-06-08T11:04:31.350Z|35.9188333|-117.7043333|6.27|0.4|ml|15|64|0.08498|0.13|ci|ci40036255|2022-06-08T14:39:30.787Z|earthquake|0.24|0.64|0.069|2|reviewed|ci|ci
2022-06-08T11:02:05.180Z|33.9856667|-116.6133333|14.09|0.57|ml|19|63|0.06005|0.08|ci|ci40036247|2022-06-08T20:08:15.759Z|earthquake|0.2|0.65|0.077|11|reviewed|ci|ci
2022-06-08T10:56:48.620Z|35.9213333|-117.7091667|3.92|0.57|ml|14|74|0.08839|0.1|ci|ci37502309|2022-06-08T18:40:43.064Z|earthquake|0.2|0.46|0.142|6|reviewed|ci|ci
2022-06-08T10:56:27.880Z|35.9218333|-117.7071667|4.1|0.86|ml|23|66|0.08671|0.12|ci|ci40036239|2022-06-08T18:38:48.050Z|earthquake|0.16|0.35|0.117|8|reviewed|ci|ci
2022-06-08T10:50:12.660Z|35.9223333|-117.707|4.79|1|mh|14|67|0.0865|0.06|ci|ci40036231|2022-06-08T18:44:29.089Z|earthquake|0.12|0.23||0|reviewed|ci|ci
2022-06-08T10:49:57.840Z|37.2598|-116.6557|7.3|-0.4|ml|8|250.56|0.127|0.1579|nn|nn00840605|2022-06-09T04:08:00.046Z|earthquake||4.4|1.43|5|reviewed|nn|nn
2022-06-08T10:49:48.550Z|35.9226667|-117.7068333|4.51|0.16|ml|12|67|0.08631|0.07|ci|ci37502301|2022-06-08T18:20:08.452Z|earthquake|0.14|0.31|0.149|5|reviewed|ci|ci
2022-06-08T10:49:25.820Z|35.9151667|-117.7106667|4.91|-0.12|ml|8|89|0.09079|0.1|ci|ci37502317|2022-06-13T23:46:43.020Z|earthquake|0.35|31.61|0.11|2|reviewed|ci|ci
2022-06-08T10:42:11.010Z|19.1949996948242|-155.497833251953|34.4300003051758|2.03999996|md|43|78||0.129999995|hv|hv73038017|2022-06-08T10:45:35.260Z|earthquake|0.67|0.959999979|0.439999998|17|automatic|hv|hv
2022-06-08T10:42:02.198Z|31.65760532|-104.5180063|7.494091797|4.1|ml|34|88|0.0183646489|0.2|tx|tx2022ldmr|2022-06-23T07:13:13.343Z|earthquake|1.358223471|1.076134984|0.1|18|reviewed|tx|tx
2022-06-08T10:35:45.770Z|35.9193333|-117.707|4.98|0.41|ml|12|73|0.08701|0.06|ci|ci40036223|2022-06-08T16:31:06.098Z|earthquake|0.15|0.65|0.245|5|reviewed|ci|ci
2022-06-08T10:35:20.170Z|37.8355|-122.0281667|9.05|0.74|md|11|146|0.0335|0.02|nc|nc73741456|2022-06-08T20:22:17.228Z|earthquake|0.38|0.64|0.014|2|reviewed|nc|nc
2022-06-08T10:34:42.470Z|35.921|-117.7058333|4.56|0.43|ml|12|66|0.08578|0.06|ci|ci37502293|2022-06-08T16:28:33.208Z|earthquake|0.12|0.27|0.246|4|reviewed|ci|ci
2022-06-08T10:34:21.790Z|35.9203333|-117.7081667|4.27|0.08|ml|11|73|0.08776|0.1|ci|ci40036215|2022-06-08T16:25:47.902Z|earthquake|0.2|0.49|0.141|4|reviewed|ci|ci
2022-06-08T10:32:08.320Z|58.249|-155.1457|-0.4|-0.8|ml||||0.04|ak|ak0227b4le4g|2022-06-10T05:07:08.276Z|earthquake||3.2|||reviewed|ak|ak
2022-06-08T10:32:01.560Z|35.9191667|-117.707|4.16|0.11|ml|10|85|0.08704|0.07|ci|ci37422204|2022-06-08T20:05:33.746Z|earthquake|0.23|0.5||1|reviewed|ci|ci
2022-06-08T10:31:47.630Z|35.9185|-117.707|4.68|0.44|ml|14|64|0.08717|0.05|ci|ci40036207|2022-06-08T20:00:22.715Z|earthquake|0.12|0.24|0.167|7|reviewed|ci|ci
2022-06-08T10:21:13.890Z|34.3181667|-116.8436667|6.04|1.59|ml|60|28|0.03266|0.11|ci|ci40036199|2022-06-08T19:58:51.130Z|earthquake|0.12|0.27|0.143|24|reviewed|ci|ci
2022-06-08T10:17:55.721Z|38.5028|-119.6082|0|0.9|ml|11|93.44|0.108|0.1085|nn|nn00840565|2022-06-08T16:58:13.682Z|earthquake||0|0.24|4|reviewed|nn|nn
2022-06-08T10:17:14.613Z|62.75|-151.7827|0|1.5|ml||||0.83|ak|ak0227b4i6v9|2022-06-08T10:19:45.259Z|earthquake||0.4|||automatic|ak|ak
2022-06-08T10:16:53.822Z|61.3608|-150.0827|47.8|1.1|ml||||0.45|ak|ak0227b4i1g2|2022-06-08T13:21:39.465Z|earthquake||1.1|||reviewed|ak|ak
2022-06-08T10:15:43.420Z|35.9215|-117.7095|3.85|2.24|ml|35|57|0.08863|0.14|ci|ci40036191|2022-06-08T19:36:42.180Z|earthquake|0.16|0.45|0.163|24|reviewed|ci|ci
2022-06-08T10:13:32.870Z|35.92|-117.7065|4.71|1.62|ml|24|65|0.08649|0.1|ci|ci40036183|2022-06-08T19:18:34.960Z|earthquake|0.16|0.35|0.147|19|reviewed|ci|ci
2022-06-08T10:10:40.660Z|34.167|-116.4346667|8.64|0.77|ml|25|55|0.03814|0.14|ci|ci40036175|2022-06-08T18:17:23.114Z|earthquake|0.2|0.54|0.118|13|reviewed|ci|ci
2022-06-08T10:08:14.532Z|39.4989|-119.5768|7.4|0.3|ml|4|188.71|0.228|0.1302|nn|nn00840603|2022-06-09T04:07:59.290Z|earthquake||16.7|0.39|2|reviewed|nn|nn
2022-06-08T10:08:05.910Z|53.228|-168.2445|16.78|0.25|ml|6|199||0.15|av|av91062188|2022-06-10T05:02:56.480Z|earthquake|1.88|0.75|0.19681185655693|6|reviewed|av|av
2022-06-08T10:06:56.234Z|62.7253|-151.5947|0|1.9|ml||||0.92|ak|ak0227b4fx78|2022-06-10T05:03:02.854Z|earthquake||0.3|||automatic|ak|ak
2022-06-08T10:05:28.710Z|17.9738333333333|-66.9806666666667|7.82|2.16|md|6|175||0.06|pr|pr71352938|2022-06-08T10:23:03.490Z|earthquake|0.57|0.42|0.0871594226210097|4|reviewed|pr|pr
2022-06-08T10:04:35.200Z|19.2011661529541|-155.389663696289|31.5499992370605|2.29|ml|37|169||0.140000001|hv|hv73037987|2022-06-08T10:10:05.450Z|earthquake|0.52|0.649999976|0.61|5|automatic|hv|hv
2022-06-08T10:04:23.480Z|19.2490005493164|-155.398834228516|31.8400001525879|2.13|ml|15|175||0.100000001|hv|hv73037982|2022-06-08T10:09:53.810Z|earthquake|1.06|1.53999996|0.81|3|automatic|hv|hv
2022-06-08T10:02:20.210Z|35.9188333|-117.7083333|2.67|0.31|ml|11|73|0.08817|0.1|ci|ci37502277|2022-06-08T16:29:38.213Z|earthquake|0.23|0.27|0.25|3|reviewed|ci|ci
2022-06-08T10:01:57.860Z|35.9221667|-117.705|4.87|0.54|ml|15|66|0.08492|0.09|ci|ci40036167|2022-06-08T16:22:18.610Z|earthquake|0.17|0.31|0.172|3|reviewed|ci|ci
2022-06-08T10:01:47.510Z|38.8373337|-122.8066635|2.32|0.51|md|17|55|0.01279|0.02|nc|nc73741446|2022-06-08T11:44:14.149Z|earthquake|0.29|0.73|0.35|2|automatic|nc|nc
2022-06-08T10:01:28.260Z|35.9216667|-117.7073333|2.7|0.18|ml|10|74|0.08687|0.11|ci|ci37502285|2022-06-08T16:18:54.317Z|earthquake|0.25|0.36|0.404|3|reviewed|ci|ci
2022-06-08T10:00:30.790Z|35.9203333|-117.7105|2.78|1.27|ml|16|65|0.08963|0.14|ci|ci40036159|2022-06-08T13:05:01.648Z|earthquake|0.22|0.37|0.154|16|reviewed|ci|ci
2022-06-08T10:00:15.940Z|35.921|-117.7076667|4.68|1.2|ml|21|66|0.08725|0.09|ci|ci40036151|2022-06-08T18:12:18.270Z|earthquake|0.14|0.29|0.128|15|reviewed|ci|ci
2022-06-08T09:55:07.700Z|34.3188333|-116.8426667|5.26|1.45|ml|37|47|0.03172|0.16|ci|ci40036143|2022-06-08T13:33:44.110Z|earthquake|0.25|0.65|0.164|29|reviewed|ci|ci
2022-06-08T09:49:25.122Z|31.59979445|-103.9848973|5.437451172|2.7|ml|10|83|0.0877999201|0.2|tx|tx2022ldky|2022-06-23T06:59:29.040Z|earthquake|1.386281399|2.684538441|0.1|7|reviewed|tx|tx
2022-06-08T09:46:39.134Z|31.60529166|-103.9903015|7.596923828000001|2.5|ml|14|73|0.203854448|0.2|tx|tx2022ldkv|2022-06-23T06:57:32.040Z|earthquake|1.099014155|2.659392099|0.2|17|reviewed|tx|tx
2022-06-08T09:43:50.430Z|38.814167|-122.8131638|2.87|0.35|md|11|86|0.009525|0.01|nc|nc73741441|2022-06-08T11:19:17.010Z|earthquake|0.39|1.13||1|automatic|nc|nc
2022-06-08T09:37:31.320Z|38.8263321|-122.8525009|1.99|0.86|md|9|123|0.01402|0.01|nc|nc73741436|2022-06-08T10:52:18.837Z|earthquake|0.38|1.04||1|automatic|nc|nc
2022-06-08T09:32:44.756Z|39.5062|-119.5837|9.5|0.3|ml|4|184.59|0.229|0.1973|nn|nn00840602|2022-06-09T04:07:58.433Z|earthquake||11.1|0.25|2|reviewed|nn|nn
2022-06-08T09:31:46.114Z|39.5018|-119.5775|8.2|0.2|ml|4|187.66|0.229|0.0707|nn|nn00840601|2022-06-09T04:07:57.599Z|earthquake||10.6|0.4|2|reviewed|nn|nn
2022-06-08T09:25:29.205Z|35.9367|77.9967|10|4.4|mb||117|4.509|0.6|us|us7000hfvg|2022-06-23T06:54:42.040Z|earthquake|7.6|1.9|0.189|8|reviewed|us|us
2022-06-08T09:24:46.812Z|-8.1651|118.6713|177.27|4.5|mb||80|3.309|1.08|us|us7000hfw2|2022-06-23T06:52:44.040Z|earthquake|8.4|6.6|0.15|13|reviewed|us|us
2022-06-08T09:22:59.110Z|19.2586669921875|-155.411666870117|33.5499992370605|1.92999995|md|35|121||0.109999999|hv|hv73037967|2022-06-08T09:26:04.110Z|earthquake|0.56|1.04999995|0.790000021|11|automatic|hv|hv
2022-06-08T09:21:19.800Z|33.2406667|-116.657|11.29|0.34|ml|20|80|0.0422|0.14|ci|ci40036135|2022-06-09T00:30:09.236Z|earthquake|0.32|0.52|0.125|7|reviewed|ci|ci
2022-06-08T09:19:30.822Z|31.6015713|-104.0031939|6.671435547|2.7|ml|12|78|0.133008048|0.2|tx|tx2022ldjy|2022-06-23T06:42:40.040Z|earthquake|2.566796871|2.643434615|0.2|9|reviewed|tx|tx
2022-06-08T09:18:58.715Z|36.6488|-117.0056|7.1|-0.4|ml|4|268.76|0.08|0.1568|nn|nn00840600|2022-06-09T04:07:56.087Z|earthquake||2.9|1.03|3|reviewed|nn|nn
2022-06-08T09:14:00.990Z|46.865833333333335|-121.74683333333333|-2.13|0.76|ml|9|104|0.03167|0.13|uw|uw61840537|2022-06-08T19:27:48.470Z|earthquake|0.31|0.75|0.13861948588590745|5|reviewed|uw|uw
2022-06-08T09:01:27.440Z|33.5533333|-116.4058333|9.27|0.44|ml|21|76|0.03416|0.11|ci|ci40036127|2022-06-09T00:27:24.221Z|earthquake|0.26|0.5|0.168|8|reviewed|ci|ci
2022-06-08T08:57:31.100Z|19.234167098999|-155.387329101562|31.8199996948242|2.0999999|md|38|150||0.129999995|hv|hv73037927|2022-06-08T09:00:54.910Z|earthquake|0.65|0.779999971|1.19000006|12|automatic|hv|hv
2022-06-08T08:57:06.610Z|19.332|-155.0695|4.65|0.82|md|11|190||0.12|hv|hv73037922|2022-06-08T22:20:59.760Z|earthquake|0.53|2.18|0.257704747115945|4|reviewed|hv|hv
2022-06-08T08:53:26.840Z|33.6706667|-116.7675|10.37|0.2|ml|17|71|0.06008|0.09|ci|ci40036119|2022-06-09T00:25:02.088Z|earthquake|0.3|0.52|0.065|7|reviewed|ci|ci
2022-06-08T08:45:10.160Z|35.9205|-117.712|3.13|1.48|ml|14|73|0.09049|0.16|ci|ci37422220|2022-06-09T00:39:02.512Z|earthquake|0.3|1.1|0.191|6|reviewed|ci|ci
2022-06-08T08:45:06.380Z|35.9211667|-117.7088333|4.44|1.5|ml|21|65|0.08815|0.09|ci|ci40036111|2022-06-09T00:35:09.480Z|earthquake|0.14|0.29|0.193|8|reviewed|ci|ci
2022-06-08T08:39:06.670Z|18.8155|-67.3253333333333|17.61|3.01|md|25|210||0.24|pr|pr71352928|2022-06-08T08:56:39.750Z|earthquake|0.67|0.69|0.0631415437259903|11|reviewed|pr|pr
2022-06-08T08:33:37.630Z|34.3186667|-116.8435|6|1.33|ml|56|59|0.03215|0.14|ci|ci40036103|2022-06-08T21:34:25.100Z|earthquake|0.15|0.38|0.176|35|reviewed|ci|ci
2022-06-08T08:26:02.960Z|36.36633333|-97.00266667|5.16|0.46|ml|36|66|0.05938834598|0.19|ok|ok2022ldie|2022-06-09T13:24:02.272Z|earthquake||0.7|0.2|12|reviewed|ok|ok
2022-06-08T08:24:25.280Z|34.3198333|-116.844|6.26|0.77|ml|32|61|0.03127|0.13|ci|ci40036087|2022-06-08T21:22:54.211Z|earthquake|0.18|0.35|0.072|9|reviewed|ci|ci
2022-06-08T08:22:40.670Z|36.02783333|-97.246|6.15|0.66|ml|36|88|0.1385728073|0.22|ok|ok2022ldib|2022-06-09T13:14:21.077Z|earthquake||0.8|0.26|15|reviewed|ok|ok
2022-06-08T08:18:01.686Z|38.2399|-118.3525|9.9|0|ml|7|260.68|0.12|0.063|nn|nn00840598|2022-06-09T04:07:55.262Z|earthquake||4.6|0|1|reviewed|nn|nn
2022-06-08T08:15:37.530Z|38.8333321|-122.8153305|2.22|0.85|md|9|88|0.01074|0.01|nc|nc73741421|2022-06-08T08:44:14.994Z|earthquake|0.41|1.23||1|automatic|nc|nc
2022-06-08T08:15:22.850Z|38.8333321|-122.8166656|2|0.36|md|9|104|0.01118|0.01|nc|nc73741416|2022-06-08T08:33:16.922Z|earthquake|0.38|1.16||1|automatic|nc|nc
2022-06-08T08:04:21.030Z|34.32|-116.8411667|5.65|1.93|ml|57|35|0.03016|0.16|ci|ci40036079|2022-06-08T13:34:49.480Z|earthquake|0.2|0.51|0.122|26|reviewed|ci|ci
2022-06-08T08:00:34.101Z|38.0369|-118.7937|7.2|0.4|ml|8|328.21|0.313|0.1357|nn|nn00840596|2022-06-09T04:07:54.419Z|earthquake||7.9|0|1|reviewed|nn|nn
2022-06-08T07:58:43.296Z|59.5077|-151.3192|42.6|2.9|ml||||0.17|ak|ak0227b2yqmh|2022-06-08T08:21:09.040Z|earthquake||0.6|||automatic|ak|ak
2022-06-08T07:51:19.630Z|38.2735|-112.3726667|5.92|1.22|ml|8|224|0.2621|0.09|uu|uu60500872|2022-06-08T15:49:27.080Z|earthquake|0.72|7.02|0.203|3|reviewed|uu|uu
2022-06-08T07:49:45.060Z|37.2118333|-112.8653333|17.59|2|ml|18|67|0.1979|0.12|uu|uu60500867|2022-06-08T13:15:14.980Z|earthquake|0.4|0.63|0.285|9|reviewed|uu|uu
2022-06-08T07:47:38.360Z|54.1557|-165.973|4.7|-0.8|ml||||0.24|ak|ak0227b2wdd8|2022-06-10T01:19:07.369Z|earthquake||0.8|||reviewed|ak|ak
2022-06-08T07:46:12.720Z|38.2024|-117.7713|0|0.9|ml|15|158.75|0.135|0.1302|nn|nn00840560|2022-06-08T16:45:49.068Z|earthquake||3.1|0.52|4|reviewed|nn|nn
2022-06-08T07:40:34.430Z|36.0886667|-117.8843333|3.8|1.12|ml|18|70|0.03745|0.07|ci|ci40036071|2022-06-08T16:16:39.128Z|earthquake|0.11|0.22|0.079|4|reviewed|ci|ci
2022-06-08T07:28:37.783Z|62.1834|-149.422|50.5|1.6|ml||||0.18|ak|ak0227b2sapu|2022-06-08T07:29:55.290Z|earthquake||1|||automatic|ak|ak
2022-06-08T07:26:20.780Z|19.2328338623047|-155.386505126953|33.4599990844727|2.29|ml|43|146||0.129999995|hv|hv73037852|2022-06-08T07:31:51.100Z|earthquake|0.53|0.660000026|4.59|4|automatic|hv|hv
2022-06-08T07:23:34.300Z|38.8338318|-122.7901688|1.85|0.68|md|15|58|0.004573|0.02|nc|nc73741411|2022-06-08T07:41:24.582Z|earthquake|0.25|0.51|0.14|2|automatic|nc|nc
2022-06-08T07:15:14.550Z|37.1388333|-121.5228333|7.87|0.89|md|16|57|0.07269|0.07|nc|nc73741406|2022-06-10T22:28:11.054Z|earthquake|0.36|0.77|0.279|12|reviewed|nc|nc
2022-06-08T07:10:07.520Z|37.4083333|-118.5901667|10.41|1.88|md|23|67|0.0591|0.06|nc|nc73741401|2022-06-08T19:06:14.648Z|earthquake|0.38|0.65|0.115|20|reviewed|nc|nc
2022-06-08T07:09:15.328Z|60.4093|-152.2772|78.7|1.4|ml||||0.59|ak|ak0227b2o6do|2022-06-08T07:11:34.889Z|earthquake||0.5|||automatic|ak|ak
2022-06-08T07:08:09.460Z|19.2084999084473|-155.39582824707|32.4500007629395|2.36|ml|48|157||0.129999995|hv|hv73037837|2022-06-08T07:40:03.040Z|earthquake|0.48|0.680000007|3.49|12|automatic|hv|hv
2022-06-08T07:05:30.913Z|31.72136173|-104.5940674|6.465771484|2.7|ml|20|140|0.07486656942|0.3|tx|tx2022ldfp|2022-06-08T21:27:41.808Z|earthquake|1.421133735|1.257828868|0.2|13|reviewed|tx|tx
2022-06-08T07:02:01.210Z|36.2417|-116.8413|0|0.2|ml|4|162.74|0.149|0.1075|nn|nn00840593|2022-06-09T04:07:53.563Z|earthquake||0|0.92|3|reviewed|nn|nn
2022-06-08T06:58:20.400Z|35.9038333|-117.6895|5.73|1.15|ml|24|53|0.07804|0.17|ci|ci40036047|2022-06-08T21:11:44.548Z|earthquake|0.23|0.66|0.137|9|reviewed|ci|ci
2022-06-08T06:56:49.500Z|37.5586667|-113.0533333|12.62|1.92|ml|16|117|0.04562|0.08|uu|uu60500862|2022-06-08T13:39:55.060Z|earthquake|0.35|0.41|0.182|9|reviewed|uu|uu
2022-06-08T06:52:24.449Z|35.916|77.8526|10|5.1|mww||91|4.397|0.57|us|us7000hfug|2022-06-08T07:14:38.040Z|earthquake|4.8|1.8|0.093|11|reviewed|us|us
2022-06-08T06:39:48.649Z|36.02933333|-97.26083333|6.66|0.88|ml|73|52|0.148470865|0.24|ok|ok2022lder|2022-06-09T13:00:01.534Z|earthquake||0.5|0.23|28|reviewed|ok|ok
2022-06-08T06:38:33.050Z|17.9848333333333|-66.8243333333333|12.31|2.13|md|7|186||0.15|pr|pr71352918|2022-06-08T06:52:15.280Z|earthquake|0.56|0.97|0.237585935540659|6|reviewed|pr|pr
2022-06-08T06:36:33.400Z|33.6875|-116.754|17.15|0.51|ml|33|68|0.04074|0.16|ci|ci40036039|2022-06-08T21:04:10.234Z|earthquake|0.27|0.42|0.064|6|reviewed|ci|ci
2022-06-08T06:36:32.800Z|38.7664986|-122.7111664|1.62|0.94|md|9|129|0.009442|0.02|nc|nc73741396|2022-06-08T07:06:17.366Z|earthquake|0.59|0.4|0.25|3|automatic|nc|nc
2022-06-08T06:35:43.320Z|34.3185|-116.841|5.75|1.05|ml|46|56|0.03151|0.17|ci|ci40036031|2022-06-08T20:57:49.478Z|earthquake|0.17|0.41|0.092|14|reviewed|ci|ci
2022-06-08T06:33:49.400Z|17.9223333333333|-66.7186666666667|7.84|1.86|md|5|248||0.1|pr|pr71352913|2022-06-08T06:40:47.100Z|earthquake|0.86|0.4|0.15852335360155|2|reviewed|pr|pr
2022-06-08T06:33:12.200Z|34.3186667|-116.8425|5.89|0.91|ml|39|59|0.03182|0.16|ci|ci40036023|2022-06-08T20:50:11.020Z|earthquake|0.18|0.39|0.05|12|reviewed|ci|ci
2022-06-08T06:23:59.810Z|33.6248333|-116.6686667|13.87|0.3|ml|21|77|0.04416|0.07|ci|ci40036015|2022-06-08T14:44:10.797Z|earthquake|0.19|0.27|0.032|3|reviewed|ci|ci
2022-06-08T06:19:01.341Z|36.7712|-116.266|2.4|-0.1|ml|8|162.92|0.061|0.0703|nn|nn00840592|2022-06-09T04:07:52.492Z|earthquake||5.1|0.31|2|reviewed|nn|nn
2022-06-08T06:18:31.560Z|19.1588325500488|-155.46549987793|33.4199981689453|2.1400001|md|38|167||0.109999999|hv|hv73037787|2022-06-08T06:21:51.480Z|earthquake|0.57|0.790000021|1.84000003|10|automatic|hv|hv
2022-06-08T06:13:15.790Z|41.4658333|-112.317|0.4|1.09|ml|16|88|0.1014|0.11|uu|uu60500857|2022-06-08T13:45:05.520Z|earthquake|0.34|8.21|0.121|2|reviewed|uu|uu
2022-06-08T06:10:07.145Z|38.463|-117.9072|3.3|0.6|ml|7|331.23|0.197|0.067|nn|nn00840591|2022-06-09T04:07:51.700Z|earthquake||28.6|0|1|reviewed|nn|nn
2022-06-08T06:08:24.980Z|19.2378330230713|-155.40283203125|32.7900009155273|1.85000002|md|38|136||0.109999999|hv|hv73037777|2022-06-08T06:11:38.550Z|earthquake|0.66|1|1.63|6|automatic|hv|hv
2022-06-08T05:58:39.450Z|46.25566666666667|-119.5485|6.89|0.6900000000000001|ml|11|193|0.083|0.09|uw|uw61840532|2022-06-08T19:18:56.040Z|earthquake|0.51|0.23|0.1486139712441289|5|reviewed|uw|uw
2022-06-08T05:58:01.293Z|39.8884|-118.9572|10.6|0.8|ml|5|161.41|0.374|0.1142|nn|nn00840589|2022-06-09T04:07:50.899Z|earthquake||18.5|0.11|3|reviewed|nn|nn
2022-06-08T05:57:07.938Z|15.0016|-105.2203|10|4.2|mb||299|5.989|0.84|us|us7000hha1|2022-06-15T05:57:36.040Z|earthquake|15.4|2|0.089|36|reviewed|us|us
2022-06-08T05:55:53.040Z|34.3201667|-116.843|6.16|1.27|ml|52|50|0.03062|0.15|ci|ci40036007|2022-06-08T16:26:46.970Z|earthquake|0.15|0.39|0.18|26|reviewed|ci|ci
2022-06-08T05:55:45.447Z|38.7707|-117.9697|10.6|1.4|ml|18|88.69|0.296|0.1244|nn|nn00840554|2022-06-08T16:08:44.263Z|earthquake||1.6|0.31|7|reviewed|nn|nn
2022-06-08T05:52:48.859Z|36.02716667|-97.25933333|5.54|0.91|ml|48|64|0.1457713947|0.26|ok|ok2022lddd|2022-06-09T12:42:50.796Z|earthquake||0.7|0.25|19|reviewed|ok|ok
2022-06-08T05:52:10.280Z|40.4501667|-124.2951667|22.86|1.68|md|22|116|0.04106|0.08|nc|nc73741381|2022-06-10T02:38:16.020Z|earthquake|0.36|0.42|0.068|10|reviewed|nc|nc
2022-06-08T05:51:10.670Z|60.9037|-151.4915|77|1.6|ml||||0.5|ak|ak0227b1qavv|2022-06-08T05:53:29.155Z|earthquake||0.6|||automatic|ak|ak
2022-06-08T05:35:39.390Z|39.4286667|-110.3011667|-1.53|1.62|ml|11|169|0.01909|0.14|uu|uu60500852|2022-06-08T13:51:48.390Z|earthquake|0.87|0.55|0.08|4|reviewed|uu|uu
2022-06-08T05:32:37.801Z|-2.7795|118.5366|23.56|5.8|mww||47|2.327|1.1|us|us7000hfu0|2022-06-09T18:01:27.040Z|earthquake|6.4|4.6|0.063|24|reviewed|us|us
2022-06-08T05:32:15.940Z|19.2040004730225|-155.488006591797|33.1100006103516|1.80999994|md|32|190||0.109999999|hv|hv73037757|2022-06-08T05:35:38.090Z|earthquake|0.87|0.99000001|1.80999994|4|automatic|hv|hv
2022-06-08T05:30:13.960Z|36.02716667|-97.262|7.67|0.8|ml|56|52|0.1475710415|0.32|ok|ok2022ldcj|2022-06-09T13:08:44.599Z|earthquake||0.9|0.25|21|reviewed|ok|ok
2022-06-08T05:04:06.070Z|34.3161667|-116.8421667|5.12|1.71|ml|47|29|0.03403|0.17|ci|ci40035999|2022-06-08T13:35:53.820Z|earthquake|0.23|0.8|0.152|27|reviewed|ci|ci
2022-06-08T05:02:24.500Z|34.3178333|-116.8411667|5.17|1.55|ml|38|56|0.03218|0.16|ci|ci40035991|2022-06-08T13:35:59.650Z|earthquake|0.23|0.64|0.168|28|reviewed|ci|ci
2022-06-08T05:00:41.810Z|38.4833|-117.9342|4.9|0.6|ml|13|169.32|0.181|0.0878|nn|nn00840553|2022-06-08T17:16:50.421Z|earthquake||8.5|0.29|4|reviewed|nn|nn
2022-06-08T04:55:12.830Z|38.811|-122.7833333|2.54|2.3|md|70|34|0.003061|0.06|nc|nc73741376|2022-06-09T21:02:11.099Z|earthquake|0.12|0.16|0.206|50|reviewed|nc|nc
2022-06-08T04:50:57.520Z|36.02916667|-97.25583333|4.43|0.95|ml|64|54|0.1457713947|0.38|ok|ok2022ldbc|2022-06-09T12:37:10.821Z|earthquake||0.9|0.25|24|reviewed|ok|ok
2022-06-08T04:39:19.425Z|8.6017|-71.4059|10|4.5|mb||30|0.812|0.47|us|us7000hftl|2022-06-15T02:52:11.464Z|earthquake|5.1|1.8|0.06|82|reviewed|us|us
2022-06-08T04:38:06.030Z|37.4695|-121.7765|6.07|1.68|md|62|35|0.05016|0.07|nc|nc73741371|2022-06-08T22:52:15.020Z|earthquake|0.12|0.33|0.173|46|reviewed|nc|nc
2022-06-08T04:32:36.910Z|47.65133333333333|-120.2595|5.4|0.32|md|6|120|0.02563|0.06|uw|uw61840517|2022-06-08T19:13:18.660Z|earthquake|0.35|0.45|0.34636946895234644|5|reviewed|uw|uw
2022-06-08T04:22:41.627Z|63.1872|-144.4344|6.9|0.7|ml||||0.5|ak|ak0227b0ypwi|2022-06-08T04:24:26.758Z|earthquake||0.4|||automatic|ak|ak
2022-06-08T04:12:48.090Z|34.3186667|-116.8413333|5.89|1.1|ml|39|49|0.03145|0.13|ci|ci40035975|2022-06-08T16:14:06.394Z|earthquake|0.16|0.33|0.086|22|reviewed|ci|ci
2022-06-08T03:58:19.460Z|33.4855|-116.7565|6.83|0.94|ml|48|32|0.0454|0.16|ci|ci40035959|2022-06-08T16:08:32.220Z|earthquake|0.13|0.4|0.144|22|reviewed|ci|ci
2022-06-08T03:55:01.490Z|34.3168333|-116.8421667|5.9|1.25|ml|54|56|0.03341|0.17|ci|ci40035951|2022-06-08T15:53:52.198Z|earthquake|0.18|0.38|0.085|29|reviewed|ci|ci
2022-06-08T03:54:40.915Z|-0.7326|133.8313|35|4.4|mb||104|2.568|0.41|us|us7000hha7|2022-06-15T02:46:35.040Z|earthquake|10.1|2|0.162|11|reviewed|us|us
2022-06-08T03:54:22.060Z|33.9763333|-116.9746667|2|0.06|ml|13|145|0.07794|0.17|ci|ci37502269|2022-06-08T14:54:38.938Z|earthquake|0.4|0.46|0.034|2|reviewed|ci|ci
2022-06-08T03:54:01.560Z|34.1181667|-117.4838333|8.64|0.71|ml|38|69|0.04175|0.14|ci|ci40035943|2022-06-08T14:46:48.602Z|earthquake|0.2|0.35|0.072|9|reviewed|ci|ci
2022-06-08T03:44:21.020Z|52.106|-176.1613|7.9|-0.1|ml||||0.09|ak|ak0227b0hygm|2022-06-10T01:03:14.950Z|earthquake||0.8|||reviewed|ak|ak
2022-06-08T03:44:07.120Z|51.9706666666667|178.4025|12.42|-0.05|ml|4|341||0.23|av|av91062173|2022-06-10T01:03:08.780Z|earthquake|4.97|2.04|0.1450909939579|4|reviewed|av|av
2022-06-08T03:41:41.860Z|45.61216666666667|-122.4405|6.56|1.41|ml|12|177|0.03919|0.17|uw|uw61840507|2022-06-09T04:36:10.100Z|earthquake|0.5|0.59|0.23737321505064513|8|reviewed|uw|uw
2022-06-08T03:30:50.250Z|51.7835|-178.8248|6.4|0.2|ml||||0.17|ak|ak0227b0f0ox|2022-06-10T00:36:33.488Z|earthquake||1.2|||reviewed|ak|ak
2022-06-08T03:26:30.255Z|21.1306|99.9038|10|4.2|mb||76|0.331|0.77|us|us7000hft8|2022-06-15T02:41:00.752Z|earthquake|3.9|1.9|0.187|8|reviewed|us|us
2022-06-08T03:19:05.190Z|19.1838340759277|-155.404663085938|32.2599983215332|1.87|md|36|175||0.109999999|hv|hv73037647|2022-06-08T03:22:11.780Z|earthquake|0.81|1.19000006|1.38|6|automatic|hv|hv
2022-06-08T03:15:44.680Z|38.7866667|-122.7665|2.01|1.11|md|41|78|0.01491|0.04|nc|nc73741336|2022-06-08T17:07:10.976Z|earthquake|0.17|0.27|0.033|7|reviewed|nc|nc
2022-06-08T03:10:25.630Z|53.8812|-166.9165|9.1|-0.3|ml||||0.15|ak|ak0227b0aogz|2022-06-10T00:54:45.409Z|earthquake||1|||reviewed|ak|ak
2022-06-08T03:08:30.280Z|34.3175|-116.842|5.33|1.35|ml|59|41|0.03274|0.19|ci|ci40035919|2022-06-08T15:44:30.223Z|earthquake|0.17|0.5|0.096|36|reviewed|ci|ci
2022-06-08T03:03:10.010Z|18.0103333333333|-66.9145|4.08|2.02|md|3|227||0.09|pr|pr71352888|2022-06-08T05:22:00.620Z|earthquake|1.96|3.7|0.0289467445037914|3|reviewed|pr|pr
2022-06-08T02:49:21.154Z|38.1813|-117.9548|0|1.1|ml|16|132.21|0.03|0.1326|nn|nn00840552|2022-06-08T17:07:32.476Z|earthquake||0|0.48|5|reviewed|nn|nn
2022-06-08T02:44:59.440Z|59.3621666666667|-153.4285|-0.41|-0.24|ml|6|163||0.1|av|av91062153|2022-06-09T23:08:05.750Z|earthquake|0.2|0.23|0.169157342653547|6|reviewed|av|av
2022-06-08T02:43:48.293Z|51.5073|-179.9208|72.18|3.9|mb||170|0.469|0.36|us|us7000hft4|2022-06-18T23:39:53.040Z|earthquake|5.3|6.8|0.1|26|reviewed|us|us
2022-06-08T02:42:48.900Z|17.9198333333333|-66.8656666666667|12.31|1.91|md|6|224||0.22|pr|pr71352883|2022-06-08T02:54:57.290Z|earthquake|1.5|0.79|0.135180727620366|6|reviewed|pr|pr
2022-06-08T02:40:34.760Z|45.85616666666667|-122.22216666666667|7.87|0.6900000000000001|ml|8|245|0.1574|0.2|uw|uw61840502|2022-06-08T18:57:54.760Z|earthquake|0.87|0.45|0.036421253669462916|4|reviewed|uw|uw
2022-06-08T02:39:32.040Z|37.7476667|-113.2075|9.94|1.01|ml|6|179|0.1794|0.1|uu|uu60500847|2022-06-08T15:25:48.540Z|earthquake|0.8|1.86|0.138|5|reviewed|uu|uu
2022-06-08T02:37:27.049Z|60.2543|-152.5491|82|1.1|ml||||0.31|ak|ak0227azv1b4|2022-06-08T02:40:41.309Z|earthquake||0.7|||automatic|ak|ak
2022-06-08T02:25:30.674Z|39.3601|-119.2146|10.2|0.6|ml|5|203.62|0.375|0.1374|nn|nn00840587|2022-06-09T04:07:49.563Z|earthquake||11.8|0.3|4|reviewed|nn|nn
2022-06-08T02:16:42.040Z|39.423|-110.2763333|-3.4|1.34|ml|6|206|0.03779|0.13|uu|uu60500842|2022-06-08T15:21:39.740Z|earthquake|1.94|3.73|0.148|3|reviewed|uu|uu
2022-06-08T02:01:18.940Z|53.8595|-166.6963|6.2|-0.7|ml||||0.22|ak|ak0227aznawm|2022-06-09T23:12:05.780Z|earthquake||1.2|||reviewed|ak|ak
2022-06-08T01:55:08.564Z|60.4253|-141.2034|0|1.9|ml||||1.19|ak|ak0227azdf60|2022-06-08T01:57:12.950Z|earthquake||0.4|||automatic|ak|ak
2022-06-08T01:53:28.974Z|-9.09|-71.2633|605.39|4.9|mb||70|1.964|0.74|us|us7000hfsx|2022-06-18T23:36:21.040Z|earthquake|10.9|6.2|0.038|221|reviewed|us|us
2022-06-08T01:52:56.040Z|34.3105|-116.8465|4.46|1|ml|31|94|0.04061|0.15|ci|ci40035887|2022-06-08T16:08:26.815Z|earthquake|0.18|0.5|0.171|8|reviewed|ci|ci
2022-06-08T01:38:55.441Z|38.904|-118.2143|6.6|0.4|ml|8|156|0.169|0.0996|nn|nn00840586|2022-06-09T04:07:47.761Z|earthquake||6.3|0.43|2|reviewed|nn|nn
2022-06-08T01:27:14.180Z|34.318|-116.8406667|5.79|1.47|ml|54|49|0.03188|0.14|ci|ci40035879|2022-06-08T15:33:53.474Z|earthquake|0.14|0.32|0.146|38|reviewed|ci|ci
2022-06-08T01:20:11.060Z|38.7973333|-122.7976667|0.8|0.11|md|11|70|0.008674|0.02|nc|nc73741271|2022-06-09T17:06:10.763Z|earthquake|0.23|0.43|0.336|2|reviewed|nc|nc
2022-06-08T01:18:45.990Z|37.4096667|-118.5876667|11.33|1.3|md|19|80|0.05966|0.03|nc|nc73741276|2022-06-11T01:11:11.053Z|earthquake|0.39|1.21|0.174|16|reviewed|nc|nc
2022-06-08T01:11:27.610Z|33.88|-118.2648333|13.41|1.76|ml|35|50|0.01272|0.27|ci|ci40035871|2022-06-08T15:20:03.091Z|earthquake|0.36|0.66|0.199|24|reviewed|ci|ci
2022-06-08T01:03:53.610Z|17.9623333333333|-66.9103333333333|11.9|1.72|md|5|204||0.11|pr|pr71352848|2022-06-08T01:36:22.850Z|earthquake|0.92|0.58|0.0845733244266963|4|reviewed|pr|pr
2022-06-08T00:58:00.198Z|18.3791|146.067|137.64|5.4|mww||28|4.9|0.71|us|us7000hfrk|2022-06-27T01:08:12.499Z|earthquake|9.1|4.8|0.059|28|reviewed|us|us
2022-06-08T00:55:47.293Z|-9.0479|-71.1844|622|6.5|mww||31|1.994|0.84|us|us7000hfrj|2022-06-23T02:31:21.670Z|earthquake|8.5|2.9|0.049|40|reviewed|us|us
2022-06-08T00:54:27.580Z|38.7910004|-122.7541656|3.2|0.85|md|7|129|0.03634|0.03|nc|nc73741241|2022-06-08T01:30:16.408Z|earthquake|0.44|1.15|0.15|5|automatic|nc|nc
2022-06-08T00:44:26.572Z|38.5053|-118.3664|6|0.8|ml|12|158.38|0.074|0.119|nn|nn00840525|2022-06-08T16:39:36.216Z|earthquake||1.3|0.21|3|reviewed|nn|nn
2022-06-08T00:41:18.300Z|39.424|-110.2825|-3.42|1.62|ml|6|205|0.033|0.1|uu|uu60500827|2022-06-08T15:18:33.210Z|earthquake|1.67|3.31|0.134|3|reviewed|uu|uu
2022-06-08T00:39:57.330Z|33.2945|-116.748|10.85|0.59|ml|26|68|0.05905|0.17|ci|ci40035855|2022-06-08T15:07:42.016Z|earthquake|0.24|0.64|0.043|6|reviewed|ci|ci
2022-06-08T00:36:36.464Z|64.803|-150.8688|12.9|0.9|ml||||0.64|ak|ak0227aynz3y|2022-06-08T00:38:13.410Z|earthquake||0.3|||automatic|ak|ak
